FID,PCON24CD,PCON24NM,PCON24NMW,BNG_E,BNG_N,LONG,LAT,Shape__Area,Shape__Length,GlobalID
1,E14001063,Aldershot, ,484716,155270,-0.78648,51.29027,56749785.2113266,41620.8294389185,3f742659-208e-4859-8905-1ce5e2b87aac
2,E14001064,Aldridge-Brownhills, ,404720,301030,-1.93172,52.60704,53964938.4565659,39414.5408701298,4668e55f-5248-45e4-9927-30562a6812d5
3,E14001065,Altrincham and Sale West, ,374132,389051,-2.39049,53.39766,51269983.5768738,40798.5340282779,56fdbcdf-25da-4ee5-ab66-6fc9c71d2927
4,E14001066,Amber Valley, ,440478,349674,-1.39771,53.04282,124963826.950775,54227.5688225167,9f9742e9-ad8c-4878-9841-1df40bba2619
5,E14001067,Arundel and South Downs, ,497309,118530,-0.61584,50.95798,836638190.85088,200100.134542728,4afd2380-5bb7-4a01-8712-8637117e96d4
6,E14001068,Ashfield, ,450035,356564,-1.2541,53.10395,99419170.7293549,57602.5692375929,e0d1319e-fd1e-43af-b809-79127fb22b22
7,E14001069,Ashford, ,611218,142572,1.018285,51.14343,226802993.611984,98394.1040823419,e774bd43-43d6-460c-b045-41dc7ccf7716
8,E14001070,Ashton-under-Lyne, ,392654,398807,-2.11217,53.48594,29198696.8917236,26034.5837015457,1f61a42c-7fcb-497e-a0a4-c4ead08a05b1
9,E14001071,Aylesbury, ,495172,216598,-0.61998,51.83989,196464168.534187,100063.848811557,ebe0cca5-96f9-4702-be65-8838abd122a1
10,E14001072,Banbury, ,438918,232636,-1.43462,51.99082,512677844.184204,165812.739312147,8a8bdaea-7730-4a0e-95ec-3b36ce545fa2
11,E14001073,Barking, ,546152,184371,0.106043,51.53932,19158193.0604019,22965.0417210148,97c9521f-d621-4af9-af7e-f2891525dcf3
12,E14001074,Barnsley North, ,436476,408971,-1.4506,53.57609,75135032.1367188,53184.4126583595,0f94a7ad-982e-4537-902c-aef32be176e3
13,E14001075,Barnsley South, ,440961,402479,-1.38372,53.51741,75722903.4718628,53757.7310334406,0518a0bc-6dce-410a-9a2a-1cfa8cf482a3
14,E14001076,Barrow and Furness, ,320083,496386,-3.23122,54.35672,585839414.354279,218617.867113821,dd4e5271-2467-466e-b901-0c4faaa0b1a7
15,E14001077,Basildon and Billericay, ,569070,192467,0.440099,51.60566,62334452.4506226,38424.2291780255,ff947e5f-bc57-47f4-8f21-71af9cf4d0d7
16,E14001078,Basingstoke, ,459017,150217,-1.1558,51.24808,77785672.7111549,53178.2164613333,6f733c14-6a4c-4b4f-b26f-083fb1781501
17,E14001079,Bassetlaw, ,467018,385329,-0.99444,53.36061,397822985.33316,142828.913573883,d1f1339c-6a35-4ee1-b77d-995ee11639be
18,E14001080,Bath, ,374471,166284,-2.36832,51.395,73402565.3238106,47210.8430797753,95b903a6-b9c0-4e8d-bc2c-a6fec3e5369b
19,E14001081,Battersea, ,528113,175772,-0.15703,51.46642,9307659.46832275,16229.9751222338,12d6e155-ce03-4264-a514-51d724651931
20,E14001082,Beaconsfield, ,498198,185455,-0.58484,51.55944,165427865.877739,102559.845916265,069a91aa-3b54-488b-a62b-3e3db025bb1d
21,E14001083,Beckenham and Penge, ,536917,168705,-0.03309,51.40085,22848357.8682175,23745.1051697068,69858b6e-f1c4-4aee-a790-4aeb786ce386
22,E14001084,Bedford, ,505836,249628,-0.45508,52.13483,29821249.4657364,28472.305595725,6b05ad7f-303d-445b-80da-ed89254ab2f2
23,E14001085,Bermondsey and Old Southwark, ,533980,179401,-0.07124,51.49768,8053322.34440613,15156.1684271029,1262ef6d-9896-4425-82e6-08695528539c
24,E14001086,Bethnal Green and Stepney, ,534939,182169,-0.05638,51.52232,6686348.57944489,9805.93488387614,bd738c85-1d03-47b4-80af-c41152ea7fe4
25,E14001087,Beverley and Holderness, ,523452,429549,-0.1294,53.74772,709532837.538712,183975.653926917,94b0b6f4-4730-4cbb-87a2-ae2fc655f7e4
26,E14001088,Bexhill and Battle, ,577508,118444,0.525092,50.93811,466900465.630386,132262.52163804,d74521e0-edfe-446b-b652-2b498ab4d54f
27,E14001089,Bexleyheath and Crayford, ,550493,175941,0.164996,51.46244,21822520.1732483,24293.739180612,f9969365-39a8-4ad0-a2fa-fdfe8c0ca4b4
28,E14001090,Bicester and Woodstock, ,452012,220679,-1.24575,51.88226,448985000.082939,146212.893636557,0d0b2245-dec1-4dd5-8ec1-685b884f761a
29,E14001091,Birkenhead, ,330780,386907,-3.0419,53.37448,32003049.3843155,24250.2271112856,31d90264-ebea-4187-a3bf-4e905b7c6ab4
30,E14001092,Birmingham Edgbaston, ,402984,283944,-1.95751,52.45345,29998284.7295151,29496.880423932,53927cf1-07b9-45d6-967e-034b035d2bcb
31,E14001093,Birmingham Erdington, ,410569,292685,-1.84562,52.53194,25479986.4736862,25913.0844787774,8d97c3e0-3033-4195-9795-8f1ce106fcfd
32,E14001094,Birmingham Hall Green and Moseley, ,408501,282513,-1.87636,52.44053,19116377.3726883,24712.7607461733,3fd13a72-a072-4e55-baa3-cebc4795fdb2
33,E14001095,Birmingham Hodge Hill and Solihull North, ,413876,287889,-1.79707,52.48875,24373168.8998413,30081.4215227479,14c3337d-d91e-4c86-a714-fd7d8467c93f
34,E14001096,Birmingham Ladywood, ,407572,287070,-1.88992,52.48151,25307943.1772003,32294.8633093922,331629fc-fbe6-4fe9-9c9f-f82b416fe9a2
35,E14001097,Birmingham Northfield, ,401888,279862,-1.97366,52.41676,25166141.8519363,31091.3382955883,7d35bf3b-10dc-4988-ad4d-2275563fef8c
36,E14001098,Birmingham Perry Barr, ,406022,291857,-1.91266,52.52457,24546483.9306259,29062.3652707628,f6c8d56a-9a45-4715-9bc5-c1ba9b42cd68
37,E14001099,Birmingham Selly Oak, ,404724,280770,-1.93195,52.42491,21534615.3241119,29709.3680317394,ca2cc1b4-a218-454e-876c-99e3cd7b0f99
38,E14001100,Birmingham Yardley, ,413189,285415,-1.80728,52.46653,19729151.7541275,26990.8573463626,07b0edb5-4112-4e9f-824f-05b7be4efc73
39,E14001101,Bishop Auckland, ,403295,529526,-1.95044,54.66081,1335365408.49007,210249.537806176,b31d09fb-d1cb-4019-ae6f-cede60a9159f
40,E14001102,Blackburn, ,367092,427991,-2.50047,53.74726,39304379.6112518,29933.3712352922,bf76e3db-9435-4d67-b282-5e7a1135b191
41,E14001103,Blackley and Middleton South, ,386063,403130,-2.21169,53.52466,28403367.9743652,30168.5915025988,70893b0a-729f-4dab-ab8d-840263628cc0
42,E14001104,Blackpool North and Fleetwood, ,333512,444183,-3.0131,53.88956,33483410.7137299,32428.281061988,5d1fb46e-7d23-4250-942c-243b6a75fa23
43,E14001105,Blackpool South, ,332817,435015,-3.02167,53.80708,26263550.7333679,28302.0644087105,0795e77c-a2ff-441a-a160-38ff288145aa
44,E14001106,Blaydon and Consett, ,414122,557646,-1.78125,54.91333,113352545.219604,61857.4423088768,a05ee5f5-32a7-4bb2-a574-aa7568ac58c4
45,E14001107,Blyth and Ashington, ,427575,584394,-1.56884,55.15312,86181653.6203003,67942.4601355826,b2e794e4-a373-4835-976f-cdb310476713
46,E14001108,Bognor Regis and Littlehampton, ,499638,101239,-0.5874,50.80214,46164786.4414024,45144.7018077736,1e638f70-0fcc-4f8b-be2d-5db99b9b8d98
47,E14001109,Bolsover, ,447717,366869,-1.28719,53.19678,228196148.519501,103871.676239152,7d2cea8b-1431-4ef3-ac83-7f27beed0025
48,E14001110,Bolton North East, ,372644,411243,-2.41481,53.59705,40914561.5289917,38089.6013124769,638be92d-6710-48f6-938c-471ea33cab31
49,E14001111,Bolton South and Walkden, ,374204,405551,-2.39076,53.54597,34045255.2233276,31213.8427879157,8882149e-3fab-427c-b0b5-5716ebb0a68c
50,E14001112,Bolton West, ,364877,408196,-2.53182,53.5692,77513505.9272461,47621.5604874959,9de9c67f-6bb7-41a4-b9eb-2171cf8a6994
51,E14001113,Bootle, ,333915,397229,-2.99696,53.46765,25498238.7157669,23285.3894217232,7b95e130-cef6-4e26-a74e-c91bc9ae57cf
52,E14001114,Boston and Skegness, ,539400,354144,0.078987,53.06638,817915091.868561,188189.50886576,0e5c031a-4ec2-43a0-abd3-bf30871367b9
53,E14001115,Bournemouth East, ,411609,93659,-1.83682,50.74241,25634644.0205917,32510.4538324185,760b734c-362b-417e-a796-fd319a8b3271
54,E14001116,Bournemouth West, ,406917,93989,-1.90331,50.74545,26255890.6613388,24108.3479960057,5a753965-7067-4af4-b1d3-e88fdfe3d61b
55,E14001117,Bracknell, ,485168,164319,-0.77784,51.37155,46758813.6360779,34636.3158136684,e8539ce0-ea15-4b8a-90df-dc1f79ab01da
56,E14001118,Bradford East, ,417427,433388,-1.73692,53.79652,27883268.8024445,34550.7640893866,4b57f6cc-7d65-4a14-9f38-5978bc41030a
57,E14001119,Bradford South, ,415841,429295,-1.7612,53.75978,44814331.7951355,53849.6581429301,6799f2c5-6247-403d-b411-8caf72b8af1d
58,E14001120,Bradford West, ,412492,433844,-1.81182,53.80076,35080924.7165985,35516.4314419296,9fe256a8-ab3b-4401-984a-7c02df072d46
59,E14001121,Braintree, ,574854,230991,0.542924,51.94993,516154103.959381,142754.501242602,c89753e8-736a-4620-aa24-6c1096fd1578
60,E14001122,Brent East, ,521765,185698,-0.24494,51.55703,18332529.7876892,26897.2918529699,ba4328cc-16fa-4cb8-affb-94a8b4a52690
61,E14001123,Brent West, ,518047,185943,-0.29847,51.56002,18737658.8379517,18569.1807982958,f7f71400-6d9c-4511-a4b1-a2ac9b34e49b
62,E14001124,Brentford and Isleworth, ,515124,176509,-0.3437,51.47583,22729728.1911163,27991.4818651378,1ad73749-fd9d-4c66-b10c-d131cebe44ff
63,E14001125,Brentwood and Ongar, ,556779,200101,0.266181,51.6778,315346546.585594,91562.2141278722,8d767e16-fed8-4ad4-b312-96434e5ebf69
64,E14001126,Bridgwater, ,322642,137197,-3.10687,51.1288,298189503.268433,147219.742259311,6ffdd426-9698-489f-abab-9d49bd97c10b
65,E14001127,Bridlington and The Wolds, ,495181,457225,-0.54936,54.00231,948532539.784149,219976.205321843,a74f3599-aa2f-4c80-b650-2a46caf70bb0
66,E14001128,Brigg and Immingham, ,502069,410089,-0.4599,53.57749,490264953.555328,164231.071221038,75cef0bf-8e0b-4e59-8874-2fd5764f3537
67,E14001129,Brighton Kemptown and Peacehaven, ,534575,104474,-0.09068,50.82416,39828056.1277351,42273.4239207427,9a2adecf-bd51-437b-b430-805ad6bf3bad
68,E14001130,Brighton Pavilion, ,531231,107527,-0.13704,50.85237,28617782.9255638,31736.6093479238,376b56c8-968c-41d5-bcee-7d3c50ec469b
69,E14001131,Bristol Central, ,358489,174042,-2.59893,51.46381,11270942.3322334,14516.3199586309,4681187b-681e-41aa-bab5-5b7bf9b36532
70,E14001132,Bristol East, ,361940,170971,-2.54893,51.43644,21775317.4955139,27397.9658829475,def0b21b-0543-4a23-98cb-0a21c11c4c24
71,E14001133,Bristol North East, ,363283,175262,-2.53005,51.47511,21556941.5228958,28647.8984891145,a9241703-8b1a-44f6-99d0-b435c7d3c3a1
72,E14001134,Bristol North West, ,355048,178219,-2.64899,51.5011,41609776.8271255,37357.0373265816,0c05b4eb-b675-4cf5-bd4f-26f90039455b
73,E14001135,Bristol South, ,358409,169600,-2.59956,51.42387,22594137.5492134,23796.1085840881,a626d82a-62f5-4b31-bf6e-a86b26cc4ee2
74,E14001136,Broadland and Fakenham, ,618682,320245,1.237737,52.73561,721459088.431641,259590.360411053,ae02c9cb-9619-4cf2-96c5-621719d00677
75,E14001137,Bromley and Biggin Hill, ,540916,164357,0.022632,51.36081,46472454.4378967,39840.2416056616,5f4a6bd3-606e-4669-a28e-5b409ac81225
76,E14001138,Bromsgrove, ,399840,273736,-2.00376,52.36169,217441621.224403,98675.9116935151,92c8df99-0350-4dd5-8c28-3e2088fb6d06
77,E14001139,Broxbourne, ,535791,206515,-0.03467,51.74089,86046938.2086411,49150.7053489293,5586967d-5f56-4359-9636-e90d0816f972
78,E14001140,Broxtowe, ,449829,337765,-1.26007,52.93499,61016161.6004181,56599.3773902071,144039be-0d15-4a4e-94a7-f634512eb98a
79,E14001141,Buckingham and Bletchley, ,477831,230643,-0.86846,51.96883,396015369.605743,133344.784742217,e10e72f6-9510-4f4a-89db-12dee24b0ea2
80,E14001142,Burnley, ,384738,431506,-2.23308,53.77967,119528882.210342,54887.3957881272,22613917-57d9-4b22-bb97-7ee57a9b74e1
81,E14001143,Burton and Uttoxeter, ,404371,334742,-1.93644,52.9101,242734640.811378,141404.61587287,07ca4dae-e134-4294-b210-c690323f2195
82,E14001144,Bury North, ,379312,413523,-2.31421,53.61785,58590618.305954,47829.3390253095,240de789-67da-4c5f-8d36-da36a4c1089f
83,E14001145,Bury South, ,381003,405424,-2.28815,53.54512,44763082.3657837,45728.9549046125,12e85509-2279-40b1-903b-93566aa1547a
84,E14001146,Bury St Edmunds and Stowmarket, ,594713,268188,0.852784,52.27736,402437336.835449,140509.095367092,7ddeffb4-fd6d-4add-99ac-52603d45498c
85,E14001147,Calder Valley, ,396866,424895,-2.04897,53.72046,301809349.020081,121204.266771954,a31423f7-db2f-475c-8ef5-70787740fbb0
86,E14001148,Camborne and Redruth, ,167292,40667,-5.2636,50.22011,270100681.380161,146543.903039564,74dcd233-6621-4603-8152-e87e737d6809
87,E14001149,Cambridge, ,545244,257862,0.123846,52.19987,33036692.1087952,33375.5671282879,c559a16d-3881-487b-bf20-7a3b0175c949
88,E14001150,Cannock Chase, ,401261,311553,-1.98277,52.70166,79101435.9591064,45687.0830114219,b3f40289-25e0-46f6-ade9-698af2ae540f
89,E14001151,Canterbury, ,615576,157189,1.089267,51.27305,234139852.909454,100503.154191781,b20081f0-7720-4f27-ba25-dddd7f63df20
90,E14001152,Carlisle, ,348588,565148,-2.80479,54.97827,899080220.414032,195417.187391674,a7a3dc0f-5056-40c9-a350-07463259d1f6
91,E14001153,Carshalton and Wallington, ,528290,163524,-0.15891,51.35631,25689072.2884598,27253.6972785559,2b4c5e75-3ed4-4797-9536-2f2961c421b2
92,E14001154,Castle Point, ,578576,187592,0.574745,51.55894,57380107.7239456,57998.5537181952,201adab8-c497-4997-bd26-dae1e24532eb
93,E14001155,Central Devon, ,273369,91743,-3.79492,50.71147,1373990980.83073,287408.676782086,6d57f0fe-60d3-48be-81f8-624d3d25a80c
94,E14001156,Central Suffolk and North Ipswich, ,620566,257411,1.224112,52.17087,549395458.116318,153237.305119237,ee185ad9-148f-4962-8120-8f70dec2c8d6
95,E14001157,Chatham and Aylesford, ,574811,163197,0.508449,51.34097,56666257.2994995,48663.8138475785,42ac57c4-4665-4382-9cc8-55aa60bd4358
96,E14001158,Cheadle, ,387556,385605,-2.18847,53.36718,39293541.9081116,34966.4900652618,c6f02cdc-ff1d-405b-a6c8-1faeafd72f0d
97,E14001159,Chelmsford, ,571558,206494,0.482869,51.73091,33270011.1929703,32616.7337485795,500ac535-08ff-4d51-8c67-b667d6797a30
98,E14001160,Chelsea and Fulham, ,525036,177235,-0.20079,51.48026,9080202.32493591,15641.4144802568,e8ff2124-b02d-475b-819e-1ad6fd1940d7
99,E14001161,Cheltenham, ,395228,220956,-2.07073,51.88714,35031101.7711105,30135.2163431644,d1c0be58-dc7a-44a8-ac57-9ae08214af56
100,E14001162,Chesham and Amersham, ,495229,196630,-0.62462,51.66039,145323037.049194,83630.4257622144,3434ab64-6733-4bbf-8736-be36a4e4155a
101,E14001163,Chester North and Neston, ,336406,372622,-2.95448,53.2468,109940106.906052,81480.9536944476,c2fd5f9e-3c97-4629-b1f9-14647f0ddaa3
102,E14001164,Chester South and Eddisbury, ,354400,358464,-2.68282,53.1214,754671392.187294,196034.755712537,31a74fd8-3eb8-4582-a924-ed401538493e
103,E14001165,Chesterfield, ,440100,372488,-1.40049,53.24792,47329917.5111542,40577.7450253703,c1159351-0dfd-4123-ac60-539df78811f1
104,E14001166,Chichester, ,484136,105461,-0.80636,50.84255,290401717.896042,139236.180274233,8ce23cb3-2526-4f7e-a316-5bed31e2b92d
105,E14001167,Chingford and Woodford Green, ,538856,193069,0.004346,51.61932,22949051.0182495,25033.021366587,be09abb0-dbf7-4588-b665-7f14b446a602
106,E14001168,Chippenham, ,404564,176871,-1.93564,51.49076,273736610.941738,118606.736194283,e35a022a-5d1a-4bde-a07c-c31cada1666e
107,E14001169,Chipping Barnet, ,524233,194734,-0.20617,51.6377,40511380.0168304,39434.3986645817,da0e47e0-5e13-4df6-b374-afed0e427451
108,E14001170,Chorley, ,359478,419274,-2.61478,53.66837,136497543.10022,66396.2711732498,32230ee3-c8d5-475a-8481-5657b21dc906
109,E14001171,Christchurch, ,409396,99427,-1.86804,50.79432,113479668.515678,74407.5569977461,9991fb59-42c5-4146-8cfd-947ebcdb418d
110,E14001172,Cities of London and Westminster, ,530288,180871,-0.12386,51.51175,18594949.2841034,30099.252949885,f6a89bac-b96c-4b22-afec-6ede31d78857
111,E14001173,City of Durham, ,425010,540102,-1.61293,54.75525,215454806.360001,110339.439926825,f703223a-a75d-4366-a945-21b122f5d353
112,E14001174,Clacton, ,617020,222082,1.149974,51.85512,200334950.588791,137587.130222741,ec885bc9-5c87-49fe-bc3a-1e86d4c83547
113,E14001175,Clapham and Brixton Hill, ,530046,174947,-0.12952,51.45857,7336762.25228119,13030.0007294415,9188c5e4-70d8-4a84-b2d9-ad28817122d2
114,E14001176,Colchester, ,599674,224891,0.900077,51.88681,42272270.6899033,33338.5112722878,1404adc4-bba6-4400-aaba-99821d597da2
115,E14001177,Colne Valley, ,408584,411123,-1.87177,53.59662,172904933.249512,69566.8944823014,19e90547-5cd3-4c02-8a1b-2cf13b05f11a
116,E14001178,Congleton, ,380524,363233,-2.29277,53.16587,211281538.645897,83508.2377471118,73809baa-3f8a-4378-8f89-882129e8212e
117,E14001179,Corby and East Northamptonshire, ,499101,287184,-0.54241,52.47361,520585233.720222,139082.419948846,f002ef29-be77-4180-96bf-9c6ffcc0afe3
118,E14001180,Coventry East, ,436254,282175,-1.46813,52.43637,28346226.8363419,32062.0894849053,3d91acc9-92ae-404c-a4b8-9611707f0673
119,E14001181,Coventry North West, ,430294,281733,-1.55584,52.43275,38823659.132019,29576.5234050778,e5662c6c-e5af-4343-ad2e-66a012d14a53
120,E14001182,Coventry South, ,431582,277293,-1.53731,52.39277,31010255.2036819,37676.9671839697,47f4de6b-2e2f-4662-b370-46c935461e0c
121,E14001183,Cramlington and Killingworth, ,428045,574645,-1.56242,55.06549,98335934.9042969,61892.9718390597,9f1b2b0a-adae-4cbf-b55f-fb002a227f01
122,E14001184,Crawley, ,526390,137581,-0.19533,51.12357,45339575.9169769,35396.1247605508,b6d8a037-c8b8-491c-b982-ad4b252acc9a
123,E14001185,Crewe and Nantwich, ,372030,353864,-2.419,53.08127,90328771.1544037,48247.9131761135,a476a202-e9a4-435f-9db7-c7df02c7f7b2
124,E14001186,Croydon East, ,536251,164323,-0.04434,51.36164,26885845.8486938,31986.5943409355,8d7ec948-6223-4b50-bb28-390adf3fda8e
125,E14001187,Croydon South, ,531895,159987,-0.10847,51.3237,37193624.2596359,32963.3530819678,56b2ed1b-bd20-43c6-a212-f0ad74d5eb65
126,E14001188,Croydon West, ,532488,166496,-0.09755,51.38205,14467771.6187057,21763.835114679,3ac92fc6-6e05-42d2-bfca-b4270dec322f
127,E14001189,Dagenham and Rainham, ,551586,183258,0.18386,51.52789,39314940.2044754,37705.0579375876,06967799-7931-474d-9adc-e643c0a4d29f
128,E14001190,Darlington, ,424539,518614,-1.62204,54.56217,113925403.13739,66109.1730052084,39fcdc21-dfc1-4ddc-a972-27221e4300b9
129,E14001191,Dartford, ,556167,172917,0.245276,51.43373,62388704.0695801,47577.9658118306,90101bf4-9715-4dc8-967f-660413cd59c2
130,E14001192,Daventry, ,470112,266122,-0.9735,52.28878,780929115.277481,194281.805850414,c708927b-c729-41c4-87a0-8242868ac8af
131,E14001193,Derby North, ,432424,336128,-1.51918,52.92161,29817327.5241241,32270.5368532517,c52ac095-4d92-4715-aa95-793345578b82
132,E14001194,Derby South, ,436265,333095,-1.46239,52.8941,31304934.540863,27348.0482687406,22d04b03-9ca1-4a7b-8ef8-01eaf86bf82d
133,E14001195,Derbyshire Dales, ,420968,355924,-1.68829,53.10012,908887017.400925,230740.444297847,b2167513-2ff6-4dce-aa49-ccd23a865186
134,E14001196,Dewsbury and Batley, ,423804,420002,-1.64113,53.67596,54320406.5461884,48389.2490466094,900d1941-c5c8-485c-b5c8-99dc80f4215c
135,E14001197,Didcot and Wantage, ,448154,192214,-1.30573,51.62669,403394569.235031,129747.11827432,af24ce23-215b-489b-81e8-d56ac3efee13
136,E14001198,Doncaster Central, ,458190,397989,-1.12474,53.47544,111066781.405594,76596.2196149064,7b860e76-ac24-4d25-ad48-316e582c4ece
137,E14001199,Doncaster East and the Isle of Axholme, ,473161,406862,-0.89715,53.55331,420906874.218643,129135.607416082,b853accb-62ae-49fd-ae43-08ae39e04ed2
138,E14001200,Doncaster North, ,455325,408912,-1.16598,53.57392,240680946.790787,88125.6165694763,5f7bf7b4-733f-42fc-80a2-a6cdb05b8aa6
139,E14001201,Dorking and Horley, ,519227,146503,-0.29468,51.2053,279489705.534698,103091.62860784,f158c500-0725-4ebf-8493-1287e26bf5a6
140,E14001202,Dover and Deal, ,629857,147550,1.287481,51.18095,218703039.383728,85178.5017171663,87b148bc-e0de-412e-a007-533457eb8350
141,E14001203,Droitwich and Evesham, ,393275,253991,-2.09977,52.18413,400065129.713264,192667.255786799,d14446d2-25d4-45ca-8030-915a628926a3
142,E14001204,Dudley, ,392854,291346,-2.10673,52.51996,28673912.5343399,29182.4069830077,960e7a5c-faee-43ba-887a-6a7ba3b45a97
143,E14001205,Dulwich and West Norwood, ,532817,173496,-0.0902,51.44488,14643586.3241425,18732.6139551092,ddc9e3b4-6785-4d9b-9266-4cf03469b926
144,E14001206,Dunstable and Leighton Buzzard, ,496703,225441,-0.59529,51.91911,78399148.798233,51829.270376449,c1f9fb7d-a8c4-441f-be1a-12c0ea63f730
145,E14001207,Ealing Central and Acton, ,519962,181117,-0.2725,51.51624,20214757.5557861,24565.9776693085,ba6cf36e-2bb3-4a50-b944-381b94d63737
146,E14001208,Ealing North, ,513799,183122,-0.36063,51.53554,22707613.1845245,24308.3560149815,9779bb34-d138-4cd8-95cd-a0b74ee68f77
147,E14001209,Ealing Southall, ,513156,180445,-0.37076,51.51161,15999415.6265259,22521.5279364775,78f8b145-c598-4c61-b019-e5ab40a9d111
148,E14001210,Earley and Woodley, ,473892,169821,-0.93865,51.42259,49236278.2669601,42777.0398363442,7b8d4b4a-0116-406b-aea0-8a27f314b299
149,E14001211,Easington, ,441536,542519,-1.35582,54.77588,148775294.858093,64965.2703863233,e81061a1-8ded-4878-8650-3f43067ce9b4
150,E14001212,East Grinstead and Uckfield, ,538137,128542,-0.03103,51.03963,381511581.844872,142616.600736839,21a32302-527c-424c-bc7f-ea9398cc56e0
151,E14001213,East Ham, ,542663,184253,0.055721,51.53915,10037652.8108749,14719.6284311264,ac609a38-b865-47d9-995b-eef8a0e9821d
152,E14001214,East Hampshire, ,467402,130711,-1.03933,51.07177,515222385.9594,163773.664124988,ec9b832e-4513-4395-9a73-92a5ecf3ce83
153,E14001215,East Surrey, ,535708,149768,-0.05766,51.23096,260440994.663239,80380.8372508849,1d60108b-c8b4-495f-9481-b48f0b4091c1
154,E14001216,East Thanet, ,636923,167727,1.401751,51.35918,31728894.8539352,33150.2100080021,33c2e74e-5e85-42b7-a2cb-e454ab078ccd
155,E14001217,East Wiltshire, ,417744,160630,-1.74661,51.34447,1052636783.57024,214868.728565863,a330e00a-0dcc-4385-860d-696f2b04850f
156,E14001218,East Worthing and Shoreham, ,516691,106109,-0.34395,50.84274,55589039.3651466,47248.4213724878,f37c45cb-d5b8-4931-89fe-c76d9921c144
157,E14001219,Eastbourne, ,559339,99575,0.258516,50.77387,44104520.1342163,32227.2965584184,49b7dde3-ffea-4c98-b64d-96824a69a889
158,E14001220,Eastleigh, ,446708,117185,-1.33641,50.9522,51285895.640789,42362.0407471805,d77153a4-ab06-4ba5-a8fd-a9a47bc6d827
159,E14001221,Edmonton and Winchmore Hill, ,533685,194034,-0.06993,51.62924,21902145.6197891,24132.7758840671,4de96448-1429-4c68-a9e0-90fe13744a0c
160,E14001222,Ellesmere Port and Bromborough, ,337399,377627,-2.94059,53.2919,37882141.4836273,38399.6400965562,d1ed1bbc-d618-435c-a043-e17be1713266
161,E14001223,Eltham and Chislehurst, ,543057,172794,0.056759,51.43608,30799165.0300369,31235.378761161,f2aa197c-a7dc-4b07-ab3f-cd8edb9fea32
162,E14001224,Ely and East Cambridgeshire, ,555576,275765,0.283149,52.35788,728314598.840424,192612.063764217,5cc4d3ec-10de-4bdd-96e2-f6cf3750deba
163,E14001225,Enfield North, ,533630,197952,-0.06923,51.66446,40946718.2923431,35009.713348487,a41d6a49-96c2-4e87-a7cc-7c9a59e856c1
164,E14001226,Epping Forest, ,542999,199637,0.066831,51.6773,125981760.829216,65041.9548573538,ebd0f6af-ac91-4b96-b78f-6ad1a63aad50
165,E14001227,Epsom and Ewell, ,519316,159545,-0.28906,51.3225,58591985.8340378,37091.2724699255,e96d171f-a990-4eb8-ac1a-f40f1cea04d7
166,E14001228,Erewash, ,446887,337932,-1.30382,52.93676,59804144.9380646,49834.8841574402,b4c11f2f-f7d5-4fab-ac8b-a0997b93899d
167,E14001229,Erith and Thamesmead, ,547592,178598,0.124377,51.48707,26089930.3750992,29044.4437613933,1c0fbfdd-45b4-45ca-ad67-8fcad38f6555
168,E14001230,Esher and Walton, ,513373,165619,-0.37238,51.37831,47559537.9274292,28661.3834387956,695bbc31-3760-4e17-b8f2-6a6e4c876c16
169,E14001231,Exeter, ,292421,92738,-3.52548,50.72426,33883295.8739796,28159.8293158474,f4ff1465-4d84-4855-a772-778bfd16b1ca
170,E14001232,Exmouth and Exeter East, ,299579,92503,-3.42404,50.72343,245914677.646027,121058.204399511,3d9562de-97b6-451e-82da-9262ae9d85c9
171,E14001233,Fareham and Waterlooville, ,462557,109742,-1.11208,50.88378,98090531.9803848,66606.6361475423,5ca42ff5-1335-45d1-9afc-aac16bb5eae4
172,E14001234,Farnham and Bordon, ,484346,139949,-0.79538,51.15258,169949741.301773,81465.1898498983,2dd9321d-0f7c-4a0c-b2e9-2102093b6727
173,E14001235,Faversham and Mid Kent, ,592905,157583,0.764887,51.28471,378605096.326553,125693.213832948,b6162af3-6606-4e56-a0dd-8e27298d7069
174,E14001236,Feltham and Heston, ,510305,173502,-0.41399,51.44977,28149863.8239059,32337.621224588,7adc3145-bd1a-46d6-8017-1fa80758478d
175,E14001237,Filton and Bradley Stoke, ,362723,179503,-2.53856,51.51321,45180781.6891098,42162.4575703135,01ef5470-c1e5-43a0-a029-282ba7d2d394
176,E14001238,Finchley and Golders Green, ,525191,189002,-0.19437,51.58597,21006643.9241867,23336.1543572133,8190b97c-0696-4ed2-aec7-629c4baef74b
177,E14001239,Folkestone and Hythe, ,602920,127674,0.891467,51.01263,231489389.877853,111518.911374104,6e54028b-1623-47c4-b21d-f255bac8d305
178,E14001240,Forest of Dean, ,370366,223234,-2.43216,51.90685,585071790.036366,189049.142943205,6d92475d-f7fd-4459-ae69-8bc2664e9e68
179,E14001241,Frome and East Somerset, ,368130,150038,-2.458,51.24861,475396777.782372,150618.558071681,98443a97-e937-4e1f-bcc6-17913f90d3ee
180,E14001242,Fylde, ,339554,433811,-2.91914,53.79709,174512791.006348,69964.0520824917,6f1f110d-028a-474b-a437-008612e4c338
181,E14001243,Gainsborough, ,499314,390326,-0.50774,53.40044,1156923168.03824,230636.19224757,95e2ce79-a391-494a-aee4-097738f2b77d
182,E14001244,Gateshead Central and Whickham, ,422968,560237,-1.64306,54.93628,41260093.405777,38187.7515075014,7868cdc9-7909-457a-9bb6-efde59f027af
183,E14001245,Gedling, ,460782,344401,-1.09589,52.99351,63861957.5287323,47491.6983342863,b44b0f45-77fb-48ac-a616-ac8693884a60
184,E14001246,Gillingham and Rainham, ,580021,165777,0.584473,51.36253,29705413.9869003,33996.1139196858,87bd0233-6117-46c7-a0a0-950392f28e0a
185,E14001247,Glastonbury and Somerton, ,357456,127928,-2.6083,51.0491,694372858.560524,180263.843278838,b75931f0-6cce-4cd2-8d05-9f3415b0cc9b
186,E14001248,Gloucester, ,384048,216342,-2.23296,51.84545,35678420.8830261,30822.1592262292,5cf3cc43-7952-45eb-9fb5-93b405b6c6f4
187,E14001249,Godalming and Ash, ,498295,143042,-0.59515,51.17817,344705878.960155,108263.669619156,ed012993-fbd9-4948-9c8d-b76d94e4b627
188,E14001250,Goole and Pocklington, ,477334,439142,-0.82614,53.84279,717585623.381134,221168.975966523,b025ef04-3fab-4859-bced-01a287cdaeab
189,E14001251,Gorton and Denton, ,392159,394372,-2.11951,53.44607,22554795.2743378,32860.8031737819,e641ce7d-26fe-474e-8606-c60fabb2907f
190,E14001252,Gosport, ,458437,101444,-1.17196,50.80959,36308515.4560699,35629.2910566953,d701bbbf-c16e-4ab9-a5aa-3469ae07bdc5
191,E14001253,Grantham and Bourne, ,499833,335014,-0.51715,52.90332,754545191.141876,167069.507380575,8c0cbfe7-c8c3-43f4-b517-6c7c59c99a4b
192,E14001254,Gravesham, ,566969,169114,0.398744,51.39649,98578635.4862442,53765.9972125315,227b1e38-f85c-41bb-a8bb-366e0e6da7be
193,E14001255,Great Grimsby and Cleethorpes, ,526874,409016,-0.08591,53.56245,33253712.9197388,31080.1984083301,fd4ce755-90c9-4a30-8ef4-b8299250c8de
194,E14001256,Great Yarmouth, ,646762,315881,1.649525,52.68439,175072755.589478,103834.585387773,220fdd70-2ae7-45e3-8071-1d6dcb361d96
195,E14001257,Greenwich and Woolwich, ,541355,178079,0.034399,51.484,14865910.5966568,27008.8184344087,952bbd4a-0e02-4bbb-acea-d1b5cf4abac2
196,E14001258,Guildford, ,507281,153748,-0.46344,51.27279,126035494.501068,67566.4669334041,76b11f79-6574-4b19-baac-8f9b6f6b8ba0
197,E14001259,Hackney North and Stoke Newington, ,533884,186725,-0.06984,51.56352,9105447.00521851,14153.4085101293,bf0045f7-2ebe-49d1-bda9-d098c680f525
198,E14001260,Hackney South and Shoreditch, ,533950,183720,-0.07003,51.5365,8079473.38926697,16617.93317119,e1960942-dd9d-471f-ab19-fb824e15fabc
199,E14001261,Halesowen, ,396177,284346,-2.05768,52.45706,30226375.818573,32443.4838054178,59f536c2-07f0-423f-a9ec-cc09c47643b6
200,E14001262,Halifax, ,408261,426901,-1.87624,53.73844,61739623.1390533,53876.319476727,972a674c-a044-49e0-bea3-3eb6121c4a10
201,E14001263,Hamble Valley, ,451642,107301,-1.26757,50.8629,91597340.1078873,74760.100434626,4f8d34c8-a744-434b-94d2-b43529d5bf1d
202,E14001264,Hammersmith and Chiswick, ,521933,178586,-0.24498,51.49308,12653229.3182907,22504.803134138,0b10d87e-4866-4c96-9444-b224ac646802
203,E14001265,Hampstead and Highgate, ,527124,186200,-0.1675,51.56036,15352494.2757111,19982.2946300938,3dc23933-f867-4a74-9f07-143b91fc2c7c
204,E14001266,"Harborough, Oadby and Wigston", ,467122,293799,-1.01179,52.53794,165816537.175392,80210.7898867499,5ebd5778-510e-45f4-9ec1-5f0f769cc84a
205,E14001267,Harlow, ,551996,212730,0.202569,51.79258,153983815.762161,88897.9083057775,533ca38b-7ffc-4d5e-b49d-a7889bdd0cfe
206,E14001268,Harpenden and Berkhamsted, ,505101,211593,-0.47744,51.79313,249895018.700851,122041.612365778,59ed48e4-e121-4280-b3f9-38f5de807239
207,E14001269,Harrogate and Knaresborough, ,434212,458112,-1.47936,54.0179,133032506.442169,75081.3916148773,5e9588a8-8972-47b3-9538-c5e427a2ba8f
208,E14001270,Harrow East, ,516761,191589,-0.31514,51.61103,25119234.7507782,25515.1626065359,88e16421-94ef-42f7-be2f-9dfabfaddf30
209,E14001271,Harrow West, ,514333,188002,-0.35135,51.57929,17450426.5551682,22125.0095256989,234e7df8-fd01-4808-8a02-b303952bb84d
210,E14001272,Hartlepool, ,447161,531473,-1.27017,54.67613,94463749.0983124,57120.7186295759,b1e8da47-af08-4ccb-9a1d-7b31bbc5a52b
211,E14001273,Harwich and North Essex, ,606261,226701,0.996735,51.90067,327358610.162964,209179.211733895,bcea5da8-0b7e-494c-b607-9fbe4de0a9c9
212,E14001274,Hastings and Rye, ,588656,116839,0.682749,50.92016,141607024.663486,93549.5795878492,3b33c944-1b42-4691-8a6b-4267973e6739
213,E14001275,Havant, ,471155,107783,-0.99025,50.86517,47384419.0879631,70394.4774459914,04387bfd-12ab-4b65-b55b-209f5a7cc56e
214,E14001276,Hayes and Harlington, ,508168,177728,-0.44344,51.48816,45588269.5057068,32620.9308844594,336975df-9be6-42ee-9435-0638c5b85237
215,E14001277,Hazel Grove, ,394980,389162,-2.07696,53.39927,61442430.4833832,39986.918622232,84f585de-d9d1-467b-ad6b-d984b0dd6351
216,E14001278,Hemel Hempstead, ,504122,205121,-0.49356,51.73514,56997850.5751495,43274.4344977483,0d99aa50-2fe2-4284-ad1c-fca459081711
217,E14001279,Hendon, ,522035,190701,-0.23931,51.60194,22775036.9502182,29383.646785673,544f5e42-28ee-45bb-8cdb-4f5b3818945d
218,E14001280,Henley and Thame, ,465037,191852,-1.06192,51.62174,548823113.175179,155939.450834211,023983ef-dc39-4b3a-bad0-3d91bebbbae4
219,E14001281,Hereford and South Herefordshire, ,342783,230969,-2.83437,51.97423,742074367.634178,196706.29201006,30d1c833-dd6b-4f4a-94b1-1e81e59d7141
220,E14001282,Herne Bay and Sandwich, ,624442,164668,1.220864,51.33678,242874101.40509,93200.1478231459,d6b6a39e-814d-41df-87e4-9469bf6b8ad6
221,E14001283,Hertford and Stortford, ,544102,217300,0.090088,51.83573,121512944.114998,78266.4295026311,24584050-84dc-4d41-aeeb-b9fd777c44a4
222,E14001284,Hertsmere, ,519719,199882,-0.2696,51.68494,119764745.498276,74060.1175273131,74986e8d-6b76-4825-b38b-6d4d61334473
223,E14001285,Hexham, ,394338,575668,-2.09022,55.07544,2774646734.17743,355085.949737582,8d450575-f284-412b-9ead-741c1bd6c38a
224,E14001286,Heywood and Middleton North, ,385746,412738,-2.21691,53.61101,71891720.3816986,45826.7803473819,848d9fd9-cb35-4c40-90c2-8746fa8180b1
225,E14001287,High Peak, ,410473,387653,-1.844,53.38563,538431206.351776,146432.9653562,74ef500f-d9b6-4684-8f50-c9a329b95e49
226,E14001288,Hinckley and Bosworth, ,439746,302050,-1.4144,52.61479,290759707.098663,104302.054116552,878a79a6-6835-40cf-a59d-8eb84e9ab2d5
227,E14001289,Hitchin, ,518242,229017,-0.28102,51.94709,226416835.778618,108040.766253991,7e2f9cd9-5716-4810-aa86-4961fa309551
228,E14001290,Holborn and St Pancras, ,529549,183457,-0.13355,51.53516,9246709.14828491,14580.9444201324,4753bb0a-32ba-4a4f-8f62-f9db7f50f507
229,E14001291,Honiton and Sidmouth, ,321400,99616,-3.11649,50.79075,647038806.043339,153784.843149045,07bdc9c7-42e9-4ffc-b1bf-b52737646742
230,E14001292,Hornchurch and Upminster, ,556973,186879,0.263066,51.55895,57182588.5091324,44318.7134088909,3daf0b3a-b313-4062-8c04-680a2487bd97
231,E14001293,Hornsey and Friern Barnet, ,529684,189433,-0.1294,51.58883,14003850.1600876,21330.3100486346,b64a343e-6a7d-4b00-a278-eff1a723fb96
232,E14001294,Horsham, ,515068,127576,-0.36022,51.03602,311132309.380398,100937.57711228,db061f6f-ecff-4fff-b57f-be3a492e7848
233,E14001295,Houghton and Sunderland South, ,436069,550949,-1.43976,54.85205,68826035.1472168,41264.4396037447,c68f64da-439d-4e66-9e51-035c9bc51b1e
234,E14001296,Hove and Portslade, ,526924,107167,-0.19832,50.8501,24224330.7439003,21478.320927008,dad4d1b3-52f5-4952-a842-af91b3405646
235,E14001297,Huddersfield, ,415339,417385,-1.7694,53.65275,48546210.6038971,35511.6413429588,7a8f17d3-baad-4ef0-bb9c-ffbed2e32d42
236,E14001298,Huntingdon, ,520330,273828,-0.23481,52.34934,592328329.784698,139084.359118716,97cfbe0b-d57a-4d56-a2cf-1ac04d537322
237,E14001299,Hyndburn, ,374760,428559,-2.38425,53.75279,89951197.5757599,47695.8716100645,b36f0521-1a67-45cc-a064-f0fcdaaa1a22
238,E14001300,Ilford North, ,544432,190078,0.083602,51.59104,26993245.0478592,26212.6901729379,0652a1c0-ff61-4a9b-9471-4b50cf8a2f03
239,E14001301,Ilford South, ,545958,187956,0.104733,51.57158,15258746.2855377,20846.3318183195,38762dbd-a68e-4ab0-bac1-a119c16527fe
240,E14001302,Ipswich, ,617201,244449,1.166723,52.05584,31024672.3951416,30823.7412261052,5e99b756-6eec-46eb-b825-0da8137c32ab
241,E14001303,Isle of Wight East, ,458807,87458,-1.16894,50.6838,115762268.69006,68881.7689957026,79a4327c-601a-40ec-8129-91e8f724286e
242,E14001304,Isle of Wight West, ,443052,85949,-1.39211,50.67161,263633865.439852,127592.309214058,27681271-7e2b-4b3f-823c-a070c1f3d350
243,E14001305,Islington North, ,530597,186352,-0.11737,51.56093,7537489.10126495,13689.0216811658,b10dcce6-ab28-442e-8f55-029c36aab8bb
244,E14001306,Islington South and Finsbury, ,531835,183831,-0.10047,51.53799,7944990.62456512,14798.5955865537,94950f47-2f2f-4ed5-87b7-f696870d24de
245,E14001307,Jarrow and Gateshead East, ,431230,562612,-1.51386,54.95718,42142767.740387,32913.3103563151,0237300f-166c-4cc5-b9ff-5094ae48c45a
246,E14001308,Keighley and Ilkley, ,405388,444492,-1.91949,53.89658,165061880.317917,76198.2671250254,84869fd5-c988-4c1d-a2f0-21b62ff04f26
247,E14001309,Kenilworth and Southam, ,434535,251188,-1.49658,52.1579,664470754.484184,247949.002443479,aa03dc72-3bf3-4ce7-86f8-1708d81e2b8d
248,E14001310,Kensington and Bayswater, ,525560,179903,-0.1923,51.50412,11672075.0329056,18891.2623038317,0f9b5b7e-9ee3-4874-b4a5-84b1eb091cd2
249,E14001311,Kettering, ,484392,282106,-0.76018,52.43044,260032694.673347,90002.2331083386,74c83c4e-9e35-4e77-b530-cd6054013e96
250,E14001312,Kingston and Surbiton, ,519278,166781,-0.28718,51.38754,25875443.7033081,29951.8778580481,d6953e11-f994-45ac-b6a2-6b2db096f6b6
251,E14001313,Kingston upon Hull East, ,512270,432105,-0.29795,53.77321,33315637.7778625,32190.2843472741,136bd643-da78-48d6-8bae-c6012b7a3492
252,E14001314,Kingston upon Hull North and Cottingham, ,505561,432310,-0.39964,53.77645,37493332.2221222,34429.2321009598,ae4c3b1a-211f-4987-aef3-66e46493de98
253,E14001315,Kingston upon Hull West and Haltemprice, ,505465,428475,-0.4024,53.74201,36833887.772934,30137.6561872932,f1ba8a72-4b53-4faa-a1a6-a1985985200e
254,E14001316,Kingswinford and South Staffordshire, ,384550,293632,-2.22922,52.54033,185791926.608917,94126.6747855198,628f0364-58fb-4ffd-87d2-1aa2da2bda8d
255,E14001317,Knowsley, ,343319,396253,-2.85514,53.45997,51450526.1264267,43929.5217516944,4a7c977f-35fd-4cce-b112-72eeb12cb8d9
256,E14001318,Lancaster and Wyre, ,348996,450919,-2.77866,53.95185,407826671.204285,154391.830051381,1f93117f-066c-4e5b-b174-75d088fa7489
257,E14001319,Leeds Central and Headingley, ,426677,436783,-1.5962,53.82665,20271597.8594666,26239.2724166264,c4b099a5-f8fa-480a-a621-c96d4cfc3fb3
258,E14001320,Leeds East, ,439486,433085,-1.40209,53.7926,58211584.5020447,52121.096820637,52df9b1e-0819-4eac-b5ae-753978a48cec
259,E14001321,Leeds North East, ,430948,438845,-1.53111,53.84494,39376535.3107758,30274.3477066359,c525f0a9-377e-4007-96a4-4c14a20b522e
260,E14001322,Leeds North West, ,421082,441886,-1.68085,53.87277,85156486.5071411,64438.8689690553,eeb61ebe-e548-46af-945c-9c673794ea36
261,E14001323,Leeds South, ,430894,430978,-1.53272,53.77424,38533071.7415924,30536.1479647452,ba7f001a-2dbc-4ed3-bea3-8c38a654297e
262,E14001324,Leeds South West and Morley, ,425122,428338,-1.62051,53.75082,56348747.239975,47141.0095212348,f72ac66c-d0df-490f-be67-036a22cb6b5e
263,E14001325,Leeds West and Pudsey, ,422947,434985,-1.653,53.81066,35081741.3238983,31039.5550098451,98096cb0-89cf-43d1-bcd4-3d16d09e3a79
264,E14001326,Leicester East, ,461673,305742,-1.0899,52.64593,21520000.3879395,20104.9694532705,4317a5d1-65a5-4c2a-81b5-4f281ab830c8
265,E14001327,Leicester South, ,460036,302581,-1.11467,52.6177,19502723.3559494,24309.9409938194,30164a48-978c-44e9-b74d-a958613cc0e9
266,E14001328,Leicester West, ,456222,306111,-1.17039,52.64984,32001451.0480194,31158.4602351095,f61bbf1e-3aab-46c5-8c37-d4dada21f721
267,E14001329,Leigh and Atherton, ,364705,399668,-2.53345,53.49254,52865389.6031189,44475.9918888365,a4ebe97f-08b3-48f4-856d-a1524cb5bea2
268,E14001330,Lewes, ,552857,105811,0.169249,50.83165,357960063.306484,134003.311866585,5964f672-e318-4c86-b979-7006e8816f5e
269,E14001331,Lewisham East, ,539092,172809,-0.00024,51.43721,15635432.0437241,20019.9514406885,ec9aae4f-2dda-464f-96b7-eeb254f13822
270,E14001332,Lewisham North, ,536527,176551,-0.03567,51.47146,12400637.7702866,21020.2450407142,d203ec50-57dd-44ae-a75d-f290c350acbc
271,E14001333,Lewisham West and East Dulwich, ,535196,173315,-0.05606,51.44269,11407523.3772354,18731.8301825594,41d8c354-99b6-45f7-a30d-e764cb6ac6ff
272,E14001334,Leyton and Wanstead, ,539894,188087,0.017345,51.5743,17390790.8568344,21383.6814016049,6be35090-9849-4aa5-829b-98a4d4fe15a0
273,E14001335,Lichfield, ,412222,317502,-1.82034,52.75501,317787257.447365,99510.2147987401,c37569d4-eec9-4bc1-991f-69790aa336d5
274,E14001336,Lincoln, ,495467,370186,-0.57163,53.22018,63846172.9512329,48613.7455701792,81e58b65-d7c9-4480-9db5-aa773075ebc2
275,E14001337,Liverpool Garston, ,342116,385849,-2.87134,53.36633,33317032.0398254,33529.4823399985,36daa5ae-24d3-46bf-9c6c-bd46bcf7d672
276,E14001338,Liverpool Riverside, ,335367,390813,-2.97377,53.41016,20946445.0203934,22186.2786700016,b95e4b87-d5a3-4283-b0ae-feda745cb657
277,E14001339,Liverpool Walton, ,338234,396473,-2.93176,53.46138,25787198.4481964,26004.9529396238,37f8a7f4-6da8-4f0a-83ac-0c39364d37f5
278,E14001340,Liverpool Wavertree, ,338780,387915,-2.92187,53.38453,19849846.8792572,27150.0807133233,905575c7-c0a1-4675-9bb1-a9d116969f52
279,E14001341,Liverpool West Derby, ,340288,392580,-2.90009,53.42663,18620294.8023376,22012.4987919151,d6c72bce-7889-487c-92f3-7a8e30fbe7bc
280,E14001342,Loughborough, ,453939,319923,-1.20187,52.77423,121814340.195129,64715.6760710797,e5164300-9950-4c35-9bef-7b66e5adc974
281,E14001343,Louth and Horncastle, ,533602,382253,0.004253,53.32037,1311674852.10564,240548.886392894,a210aa74-fa78-42bd-b1d2-e0a11918c158
282,E14001344,Lowestoft, ,648544,298239,1.662589,52.5253,109463443.836838,72153.6683528153,105da2af-96c9-4e9a-87e3-d73336fc0e1b
283,E14001345,Luton North, ,507987,224395,-0.43161,51.90764,22376379.7527313,25853.7282036532,7ef011ce-8e31-41d4-b7c9-642ab29bfac8
284,E14001346,Luton South and South Bedfordshire, ,509842,218541,-0.40652,51.85466,100585739.974457,75969.8887448905,4830495b-1a8d-479e-a32f-710c84609a9f
285,E14001347,Macclesfield, ,390591,374746,-2.14253,53.26963,302268920.644745,87204.037803162,4c20887d-2cb4-4e63-b351-252331ee5468
286,E14001348,Maidenhead, ,487442,178744,-0.74162,51.50088,182057400.625786,86813.2091942452,84bafbcc-6536-4a3b-a505-302d3fb85e5a
287,E14001349,Maidstone and Malling, ,571932,156201,0.463786,51.279,51392918.1015396,42235.3361673462,f49ece96-bedb-49d3-8f5f-97563ade5dfd
288,E14001350,Makerfield, ,358387,402918,-2.6291,53.52128,56942387.9180756,50023.0121674683,96a52973-8573-40ad-a6ad-e536ef517418
289,E14001351,Maldon, ,585980,201772,0.688954,51.68391,384812032.702171,195285.595541072,916eff55-19db-4103-b5b8-1d89f18cc6a9
290,E14001352,Manchester Central, ,388412,399810,-2.17613,53.49488,27296397.0112305,33036.9515757471,666ffba7-641c-4f5e-bb87-3e2b933e8939
291,E14001353,Manchester Rusholme, ,384713,395653,-2.23168,53.45742,15339967.5246277,18381.4612269158,863f2258-ad21-43ba-bd98-35d31bc22050
292,E14001354,Manchester Withington, ,383432,392131,-2.25079,53.42572,18002854.4243622,25245.9510105979,ded2c4d7-805c-4793-a719-66e68022d27a
293,E14001355,Mansfield, ,455693,363914,-1.16833,53.16945,70678818.8088684,49261.9610157829,ec5d42a1-1b0b-40ce-a573-2e49bb4043ab
294,E14001356,Melksham and Devizes, ,397194,161497,-2.04167,51.35253,417170447.773617,154401.060787734,23d56671-be19-4d20-a227-4e2445b70c0b
295,E14001357,Melton and Syston, ,474706,321143,-0.89381,52.78272,569213326.717468,140106.284565287,df859e71-6d89-47a6-bf51-25f3c0fb8c7a
296,E14001358,Meriden and Solihull East, ,420288,280411,-1.70309,52.42133,132898643.049042,73581.7478509233,5e463ab3-a4bd-464e-9286-096c6966ee88
297,E14001359,Mid Bedfordshire, ,503098,235961,-0.49919,52.01252,347464249.525803,106197.76852814,3b17c0d7-d9c4-4bdb-994a-7b0ad07d89ac
298,E14001360,Mid Buckinghamshire, ,472550,210648,-0.94951,51.78979,542531061.869255,192588.489553325,809e9d48-034f-4e97-9ad7-2cfecb9ad65c
299,E14001361,Mid Cheshire, ,365660,368705,-2.51568,53.2143,104991025.785095,56981.0533119893,59832ce0-250b-404c-b812-e24b7623ba67
300,E14001362,Mid Derbyshire, ,437112,341738,-1.44882,52.97173,142591856.031509,94897.5681261888,9233e606-c956-4254-a3d0-a6894364a786
301,E14001363,Mid Dorset and North Poole, ,396033,96302,-2.05761,50.76628,302782494.297647,138053.397909297,be111308-c789-48ff-abd2-8f396317efd8
302,E14001364,Mid Leicestershire, ,452109,309049,-1.23072,52.67666,138630091.029556,77496.3995613422,095ce32f-e4d4-464e-b9b9-c4ba7c341d51
303,E14001365,Mid Norfolk, ,596334,308514,0.900213,52.63886,838378392.847229,179479.748471175,df9ccc37-bb7a-4fb7-b001-9bd265012cea
304,E14001366,Mid Sussex, ,529850,119269,-0.15247,50.95822,165694954.451107,80616.5496914059,321f16b0-c654-4ad5-8616-2d7d3d3494e1
305,E14001367,Middlesbrough and Thornaby East, ,449135,518477,-1.24173,54.55916,35676867.3739166,36284.771156321,eb4ab805-18b9-493c-8fd3-c4470cb11da0
306,E14001368,Middlesbrough South and East Cleveland, ,465116,516424,-0.99511,54.53891,195475960.996231,91288.6403669026,08b22c29-c88a-4326-9afd-4b5db9d13387
307,E14001369,Milton Keynes Central, ,486814,236383,-0.73628,52.01909,65382622.2617188,45586.8860481672,8c68338f-f975-4d76-bca7-825b0647805a
308,E14001370,Milton Keynes North, ,486752,246003,-0.73474,52.10557,221571395.339966,79849.0830100547,826d69c2-f69f-4f2a-b156-f87019d9486e
309,E14001371,Mitcham and Morden, ,528027,168564,-0.16087,51.40166,18311275.8193207,26097.8967743329,46ac340e-8419-4495-823a-a0f1732d9ec3
310,E14001372,Morecambe and Lunesdale, ,359746,472666,-2.61777,54.14824,832514877.710983,233066.411798372,e12941c8-89ae-4d70-9b2e-66bfdad5bdfc
311,E14001373,New Forest East, ,435182,105109,-1.50165,50.84443,395944563.346615,125414.257539239,3fb76c97-f4f7-4434-96b9-2e838a68394c
312,E14001374,New Forest West, ,418341,108090,-1.7407,50.87201,357091209.623585,148982.082722901,e7e1a562-5e57-440e-b1cb-e15ba53c4727
313,E14001375,Newark, ,476382,361346,-0.85951,53.14381,775334215.29483,223213.26458208,af869740-771d-4450-9ae8-d68cf1808028
314,E14001376,Newbury, ,441905,173263,-1.39825,51.4568,396291507.845291,111272.21169611,7f4a3bb4-91de-404a-885e-b9626b57511d
315,E14001377,Newcastle upon Tyne Central and West, ,420882,565739,-1.67522,54.98582,32634998.1945648,29373.4297799603,9a094753-42ff-49e1-a0ce-cb77ac2412ad
316,E14001378,Newcastle upon Tyne East and Wallsend, ,429278,566123,-1.54399,54.98885,26387088.0652313,26462.0825905842,ffbe8f1b-043c-4c56-bd0e-7214897c294a
317,E14001379,Newcastle upon Tyne North, ,424447,568463,-1.61929,55.01013,32579456.2876434,28247.3773223084,02144c0a-8b27-4127-bcca-3c0de957c072
318,E14001380,Newcastle-under-Lyme, ,380429,348031,-2.29326,53.02921,103135487.91964,49693.2882111719,1d8ab2b5-527a-4b55-9523-0a1467d1c6d0
319,E14001381,Newton Abbot, ,288933,74357,-3.56936,50.55837,196778863.010342,99504.5709954099,3f215690-5a9b-4702-9138-91e85642ba35
320,E14001382,Newton Aycliffe and Spennymoor, ,432034,530890,-1.5048,54.67207,246082730.51384,89702.5733793096,681558ea-3fd6-4118-b352-1a72e59ebdeb
321,E14001383,Normanton and Hemsworth, ,442193,416477,-1.36325,53.64312,155038277.234497,66954.1985474051,afe11734-c064-4afc-9584-d92d74bfd140
322,E14001384,North Bedfordshire, ,506189,254811,-0.4483,52.18135,583210479.024727,164607.082149982,d3dddd3a-f7f8-4a48-aded-219629f641ca
323,E14001385,North Cornwall, ,212024,78839,-4.65642,50.57895,1279356881.9339,296731.654885059,c90e8828-22f4-4fd8-9bd4-dd92811ae7c6
324,E14001386,North Cotswolds, ,400859,214079,-1.98893,51.82533,1033818022.48031,284690.219408753,044cb617-2616-4298-b098-d65d5a66f375
325,E14001387,North Devon, ,265112,132533,-3.92688,51.07621,1086970344.55411,235027.663835302,a045a9e5-c2f1-408f-85ab-462d37df0993
326,E14001388,North Dorset, ,391511,110749,-2.12207,50.89615,796556501.58534,213685.931769359,46dda2b1-4d32-406d-8967-5d63f16ceb58
327,E14001389,North Durham, ,422927,549506,-1.64455,54.83986,230262994.9366,115132.493573365,e8b51296-a29d-4ac7-aadc-ab63c43c7c08
328,E14001390,North East Cambridgeshire, ,536355,294959,0.008927,52.53545,545611204.953583,147005.947448621,7f586734-b619-4aac-822f-7560533ca784
329,E14001391,North East Derbyshire, ,437369,365923,-1.44219,53.18911,226695217.80014,127919.659368252,fa07a83a-abf4-4439-a7a9-61ba59d26b12
330,E14001392,North East Hampshire, ,472997,153907,-0.95478,51.27963,326879756.879494,95924.1585015749,28cb252b-fdfe-4697-881e-d49aa134e1ed
331,E14001393,North East Hertfordshire, ,533034,227734,-0.06642,51.93223,501546057.85984,144945.65140256,277a9bdd-db07-4a3e-904a-cc6a62f0bdc8
332,E14001394,North East Somerset and Hanham, ,362388,164194,-2.54176,51.37554,209131131.368443,115072.839440889,2ab52e07-2060-4e45-bf67-a523017fb0f8
333,E14001395,North Herefordshire, ,348792,251360,-2.74996,52.15813,1438797636.1479,311341.051714768,cfb0baed-e362-4704-a8c3-21c05054073a
334,E14001396,North Norfolk, ,623434,330857,1.315234,52.82891,767438324.134048,224957.267607335,ca7b7773-3345-4d28-bb41-b021e1e7c6cb
335,E14001397,North Northumberland, ,404419,619639,-1.93166,55.47056,2140083642.49876,345955.142601397,d780cf4b-42d6-4abc-9866-8a490586e04c
336,E14001398,North Shropshire, ,339931,330083,-2.89372,52.86487,772076160.113197,225937.463719238,80609f1b-c286-437f-9a88-8ccc054d9f79
337,E14001399,North Somerset, ,348757,169385,-2.73834,51.42114,195913283.18417,96815.4366887641,89451f6e-632e-4580-9f1d-bb4594ff5d7c
338,E14001400,North Warwickshire and Bedworth, ,424687,296012,-1.63725,52.5614,266494155.264099,125949.930679073,7eae1ecc-d580-47b5-af19-c62b42afe4f1
339,E14001401,North West Cambridgeshire, ,515677,295334,-0.29565,52.54359,389144313.569427,151985.762497389,4530d59d-4d9c-4fa6-af39-4f4e77727b71
340,E14001402,North West Essex, ,559858,228077,0.323565,51.92826,621941319.993675,181744.165332991,51060a3e-6de1-4431-a985-708b2b9561ff
341,E14001403,North West Hampshire, ,444059,153514,-1.36969,51.27907,447288129.445911,123158.340230276,f2c0a0a1-41eb-412b-a94d-ff079aed1cb1
342,E14001404,North West Leicestershire, ,440279,316640,-1.40475,52.7459,236863040.473053,99696.9187143923,1b5e9705-0207-4757-92cf-98a54046a9e2
343,E14001405,North West Norfolk, ,574445,329423,0.588193,52.8341,824551133.74736,235865.250741728,437f37d8-72f3-427e-ad8e-fefb4cf83bc8
344,E14001406,Northampton North, ,475987,262587,-0.88818,52.25623,30473611.3697586,29261.8007775266,2ab9ce44-3e8f-40e5-9277-102e4eb068c7
345,E14001407,Northampton South, ,476495,258208,-0.88173,52.21679,50067055.9926605,47193.9465043165,224c53a4-ea73-44cf-8da4-0b05d7057925
346,E14001408,Norwich North, ,623005,312297,1.296274,52.66252,41944483.1556549,46537.8249191646,3e2ef644-08f4-4824-af75-a4d9c6e66fef
347,E14001409,Norwich South, ,621220,308013,1.267055,52.6248,30154637.7513428,75055.7601940865,39ffd508-697b-43c6-9133-2713aec05474
348,E14001410,Nottingham East, ,458200,341416,-1.13489,52.96697,21345772.6324615,24462.2846990412,cf71b310-93db-4dbb-9dd3-bac254db388e
349,E14001411,Nottingham North and Kimberley, ,452832,344369,-1.21433,52.99407,40478370.3491058,39213.8210961756,272d520b-49f3-49ae-84b5-7ef3e86e62ec
350,E14001412,Nottingham South, ,454918,338035,-1.18432,52.93693,32370386.3434296,39025.6536648075,4a04b330-7bcc-476e-b8ea-69818c492668
351,E14001413,Nuneaton, ,431696,292175,-1.53423,52.52654,82620840.0031815,51002.1104239104,bd45852f-dae0-459f-9d69-6613387a4f35
352,E14001414,Old Bexley and Sidcup, ,547995,173624,0.128095,51.44227,27170287.565567,26516.3048251909,09b4fcc2-a315-49a9-a55b-d3233d4cfad5
353,E14001415,Oldham East and Saddleworth, ,398906,408181,-2.01799,53.57025,103980454.746841,53181.8406727359,0069afcf-3444-4ecd-aeac-173665da0989
354,E14001416,"Oldham West, Chadderton and Royton", ,390878,405957,-2.13914,53.55018,30909043.5055389,30193.0865256503,635e700d-edcc-4492-8d91-70853f9ca895
355,E14001417,Orpington, ,546312,165205,0.100427,51.36706,67529575.3301849,44438.3736105088,849fded8-f40f-4c49-97c0-d42ab760dab7
356,E14001418,Ossett and Denby Dale, ,429637,414876,-1.55332,53.62959,140810692.873474,83230.0281967114,88f2c30c-1209-44e4-9114-8cc3d030fe1f
357,E14001419,Oxford East, ,453829,205066,-1.22177,51.74172,28437124.14048,29143.1658045608,0630555f-41d6-4527-ba9b-cbad6ec056c2
358,E14001420,Oxford West and Abingdon, ,448660,202860,-1.29694,51.72236,106714181.952522,61336.367890343,1a767c7a-9b4d-464c-9379-e557c1f70247
359,E14001421,Peckham, ,534174,177128,-0.06931,51.4772,8296009.52751923,14974.8404248897,0bc3f208-155e-449c-8431-54eac4feb200
360,E14001422,Pendle and Clitheroe, ,383729,441851,-2.24894,53.87261,236466320.897736,95081.7635553691,537d8648-d67f-4070-8526-7b4b938e1628
361,E14001423,Penistone and Stocksbridge, ,423088,401791,-1.65331,53.51231,293894033.885635,95784.3802962508,add590e0-5439-498d-becf-cf1e6cb888e7
362,E14001424,Penrith and Solway, ,359042,535004,-2.63719,54.70838,1973466740.93414,353627.406348114,1681be83-bd1d-47c5-b5cb-ab1169c37ed0
363,E14001425,Peterborough, ,524852,303751,-0.15726,52.6172,173645396.894333,61663.6676936098,670a74cf-bfa7-42b5-8f17-1aa9b0a011a1
364,E14001426,Plymouth Moor View, ,248140,59378,-4.13881,50.41457,33666640.2352762,30109.8556293792,65b329a0-1104-4eb0-9ea8-9939e53c331a
365,E14001427,Plymouth Sutton and Devonport, ,247632,55528,-4.14439,50.37984,20278816.5560522,24615.5355145024,78559a36-b078-4e8d-9d67-8fcf5d024d02
366,E14001428,"Pontefract, Castleford and Knottingley", ,446977,422144,-1.29004,53.69365,74170068.6326294,55768.8710937227,342086b0-e138-4a09-93b1-38dcef4a7cf1
367,E14001429,Poole, ,403756,91000,-1.94815,50.7186,29908260.5272293,48580.5467878303,a710cd5b-61ff-4d95-a230-a3feadac0b56
368,E14001430,Poplar and Limehouse, ,537748,180421,-0.01659,51.50594,9545457.29508209,20081.1508578383,020296c5-9501-4d68-a8c6-908f71a40e93
369,E14001431,Portsmouth North, ,466076,105236,-1.06287,50.84287,27333113.5649109,43066.1173084388,449d1e90-1de3-4c67-86ee-693dc9f755eb
370,E14001432,Portsmouth South, ,465418,99876,-1.07317,50.79475,13176625.0850563,19780.3639009021,1ddbe661-167a-4b76-a46b-5933c1689d00
371,E14001433,Preston, ,353334,431064,-2.70954,53.77382,40361370.8357239,36869.4019904609,fbef5905-0c71-420a-941f-50e2ea1f7d96
372,E14001434,Putney, ,523538,174101,-0.22344,51.45242,14179554.4071732,18698.712663053,ed5cb5d2-0d1f-47cb-b470-c63c78e13422
373,E14001435,Queen's Park and Maida Vale, ,524371,182884,-0.20837,51.53117,7551281.75236511,17803.730466906,8a8500e5-68c4-49ce-a236-69f191082552
374,E14001436,Rawmarsh and Conisbrough, ,451480,396400,-1.22609,53.46185,101226125.963409,74899.2725633681,48ba008e-722d-4a60-98a8-4df3940a5033
375,E14001437,Rayleigh and Wickford, ,580545,192649,0.605717,51.60374,67603680.3588943,48753.1708808364,44ee778e-9431-4675-a07f-fced418f6812
376,E14001438,Reading Central, ,471018,173955,-0.97915,51.46012,25552252.0494156,27781.4224572346,1bb4cf57-3d59-414d-a284-272d138be528
377,E14001439,Reading West and Mid Berkshire, ,457864,172341,-1.16872,51.44711,313122989.748535,103834.867654108,a896233f-4346-49f4-8dae-abf4d49c6761
378,E14001440,Redcar, ,460199,521567,-1.07004,54.58573,75520447.8982391,60542.517531474,31d11522-c059-4ef4-a71e-7ae3ca358c18
379,E14001441,Redditch, ,400757,259145,-1.99032,52.23051,188570212.327911,112324.149685887,3407876c-efb8-471b-b44a-e0b298f59350
380,E14001442,Reigate, ,525148,154102,-0.20731,51.27233,87819842.2765656,48828.1927091729,4e218ca4-59db-4743-be6b-c44a73300b68
381,E14001443,Ribble Valley, ,366856,444482,-2.50584,53.89545,650753979.513092,182859.452698267,0feb2555-ef5d-41ce-a124-c7b95652f600
382,E14001444,Richmond and Northallerton, ,412781,495786,-1.80484,54.35745,1901604629.49408,328071.622446227,6cb3a7d8-3f58-4bbb-9e99-5086031cc98f
383,E14001445,Richmond Park, ,519834,173279,-0.277,51.44583,35206559.3004303,35080.6199919547,f52ce652-c884-4442-b356-51d4fc645cd9
384,E14001446,Rochdale, ,393100,415285,-2.10582,53.63405,80284137.337265,43593.8380993285,830cbc5a-ae92-4800-8a19-8674c430afbe
385,E14001447,Rochester and Strood, ,578207,175198,0.563174,51.44772,146387378.601532,114372.664824589,08e76433-fae2-488d-a9ad-dbe74c48bd64
386,E14001448,Romford, ,551410,190669,0.184512,51.59452,29906054.2576141,27815.1949673622,16a26256-d5fd-495a-9bc1-7f7ff789741a
387,E14001449,Romsey and Southampton North, ,434930,130031,-1.50284,51.06854,535805005.441425,161425.624360415,b1a5c379-551a-4238-9ba4-9cc20217f887
388,E14001450,Rossendale and Darwen, ,372448,420953,-2.41863,53.68431,218241261.632492,113257.124092379,12972ef1-7fbc-4caa-8461-edf3f4e6c3eb
389,E14001451,Rother Valley, ,450722,385968,-1.23918,53.36817,159560587.027908,70632.5680458928,13f16922-7903-47aa-8830-cd33161ceba9
390,E14001452,Rotherham, ,442881,390025,-1.35646,53.40532,58656073.2390594,58026.3117149769,1cb75e67-9ac4-4d15-be68-b0e697130d3b
391,E14001453,Rugby, ,446260,281329,-1.32107,52.42801,245564683.437248,81094.0312760201,8e56303d-ef52-4a42-8e00-18c0c222ed43
392,E14001454,"Ruislip, Northwood and Pinner", ,508528,189995,-0.43448,51.59835,40479406.692894,36264.0954005162,1f096063-dece-4b8b-a809-ed80ef76e5ff
393,E14001455,Runcorn and Helsby, ,348875,376066,-2.7682,53.2791,188597313.076752,86602.7311114757,151f18cc-4329-4459-99ef-3f35079662c4
394,E14001456,Runnymede and Weybridge, ,503853,164452,-0.50946,51.36964,102584010.543556,76396.154531417,0e6a174d-e66c-418d-80b5-a8835b7bdbbb
395,E14001457,Rushcliffe, ,460769,331079,-1.09857,52.87378,289474006.806778,90320.6098623983,ec4a5dab-c6de-47b9-9b01-76c08b410705
396,E14001458,Rutland and Stamford, ,497925,312272,-0.55231,52.69929,959981751.126282,208492.922807851,00303d9c-f629-4d87-b51d-2a2e62c1d7fe
397,E14001459,Salford, ,380211,399703,-2.29974,53.49367,27573871.1262817,30716.2314270891,c736258d-0a9d-43b4-87fe-74cd1fea809d
398,E14001460,Salisbury, ,405912,130547,-1.91698,51.07421,692548360.896675,173625.862426699,54d314a8-853b-44d5-a787-d2b3eff3d70c
399,E14001461,Scarborough and Whitby, ,485776,506114,-0.67886,54.44321,739218117.760361,184695.785407531,83f11584-582e-4fca-8491-5160d25cd1c2
400,E14001462,Scunthorpe, ,494491,402225,-0.57669,53.50825,284235005.007874,119583.975205623,fc85dba9-6514-4707-94ed-eb6f524ce55a
401,E14001463,Sefton Central, ,328976,406093,-3.07335,53.54666,87682926.3011017,69347.1889654549,3bcdaa89-7b35-4488-beee-01fe9f3f19cc
402,E14001464,Selby, ,457620,427208,-1.12794,53.7381,507317838.311203,167419.591776787,0a70270b-821f-46ee-9993-3bf1365349f5
403,E14001465,Sevenoaks, ,551328,160034,0.170233,51.31929,253976905.501534,85407.144492715,18063472-6cd0-4a8b-9d14-f548f1aaae17
404,E14001466,Sheffield Brightside and Hillsborough, ,435434,390928,-1.46837,53.41399,28204575.8861847,24919.5939182087,c2757bec-a1f4-4c33-8de2-0ba5cbf11d0c
405,E14001467,Sheffield Central, ,434326,386259,-1.48554,53.3721,12530389.6917572,18666.3697870151,c37a7e1d-2a66-4087-822d-32940da74674
406,E14001468,Sheffield Hallam, ,426553,388893,-1.60214,53.39622,136616715.206131,68506.944455771,ad798b68-f786-4fa7-8517-86b7ff2b4ec0
407,E14001469,Sheffield Heeley, ,436334,384696,-1.45554,53.35791,28314334.1600952,27497.7522142354,d6b44445-a899-4d31-b365-795bdb1cb8e8
408,E14001470,Sheffield South East, ,440551,386679,-1.39193,53.37543,46303321.6314697,44711.4813633389,f4fad31a-978c-4f22-b714-4848d9515f37
409,E14001471,Sherwood Forest, ,460967,360000,-1.09019,53.13369,309924609.042587,129061.904466106,1a37c06a-d6e1-416f-a65a-ed4fa138998a
410,E14001472,Shipley, ,412611,439633,-1.80977,53.85279,94551234.5630341,72857.5236076578,017f0e0d-c6b5-4704-8633-b493f56499ac
411,E14001473,Shrewsbury, ,341129,311462,-2.87257,52.69763,333466520.439621,121780.447931447,e2a22760-5411-4c43-95d5-305d4eb96479
412,E14001474,Sittingbourne and Sheppey, ,596761,170678,0.827341,51.401,165234127.949944,134749.397095363,1bb785d4-4d32-47aa-80ae-4d27e6d5f5e5
413,E14001475,Skipton and Ripon, ,400540,462236,-1.99324,54.05609,2032620170.07504,315750.51725819,0b6e193e-a5bc-4dc9-ab05-cebc59fd1af2
414,E14001476,Sleaford and North Hykeham, ,502609,357854,-0.46865,53.10804,717680738.647964,154830.098569803,ddf301cc-aae3-4a9c-b495-16cc4a6cbb79
415,E14001477,Slough, ,496534,180509,-0.61019,51.51526,25167232.2649536,32872.4266028127,31755713-106f-411a-8f34-a83ebd0d87d8
416,E14001478,Smethwick, ,400433,287646,-1.99504,52.48674,21840212.4470596,26370.144804407,274fe248-bcb1-4561-99eb-a8967fe8f352
417,E14001479,Solihull West and Shirley, ,412634,278232,-1.81572,52.40197,39665720.111351,34178.3570682235,ab4e8dd7-c826-40b5-82d8-fe00fa001a37
418,E14001480,South Basildon and East Thurrock, ,568409,183316,0.426184,51.52365,120474980.234039,65848.6991330263,31e19a9d-bcf6-429c-8800-72f7d7afb17e
419,E14001481,South Cambridgeshire, ,545788,250998,0.128854,52.13806,588463857.772415,182008.815053137,84824c7b-be4a-4b93-aa9d-afa539906e3d
420,E14001482,South Cotswolds, ,391889,189525,-2.1185,51.6045,837551313.778267,213350.397497663,4153aeb4-ce52-4210-96b3-0f3df7c7cce5
421,E14001483,South Derbyshire, ,433551,325042,-1.50355,52.82189,289968113.108368,128106.281463716,ed8ebf5a-8311-4ff8-a7a5-358e26b7a34f
422,E14001484,South Devon, ,278066,51406,-3.71523,50.34989,633939612.655077,265201.496473476,ea3234d1-d7cb-4bc6-b4ca-dd53bcd877c5
423,E14001485,South Dorset, ,382491,85482,-2.24911,50.66872,351949112.750038,197457.023297091,87c0fa0a-c2fc-4607-b680-9b1b5dd92816
424,E14001486,South East Cornwall, ,226462,62940,-4.44531,50.44057,709691471.459443,248010.142007476,bae0e754-72af-4a09-bbfa-5ee0f211b402
425,E14001487,South Holland and The Deepings, ,532912,322822,-0.03058,52.78663,780306839.646347,156929.638012157,c1d47427-9f29-47f0-9374-8be722d84a98
426,E14001488,South Leicestershire, ,455897,289152,-1.17805,52.49743,331333591.557053,96221.3103635178,c4d619a1-9ae8-421f-a462-a8f02f2b9c3f
427,E14001489,South Norfolk, ,623862,301284,1.301476,52.56332,524199840.87561,179914.669391278,feff7637-1092-4cb4-bd56-ac87b78aa236
428,E14001490,South Northamptonshire, ,464727,248230,-1.05585,52.1286,633697934.863686,191159.184658189,5fdf68d8-0430-458e-903c-47696ba0eb72
429,E14001491,South Ribble, ,350309,421395,-2.75388,53.68664,140233274.855621,69386.3781662041,86834fca-cecb-4240-8f5c-ac53dabbfef7
430,E14001492,South Shields, ,438004,563694,-1.40795,54.96643,35944029.1848145,29034.4973513195,e7c3429b-fe9f-44a0-951e-1c0c0a9d5276
431,E14001493,South Shropshire, ,355092,289840,-2.66303,52.50461,1821811994.39752,300546.042589451,1d825005-622b-4350-bcc1-3a5bb67da0d7
432,E14001494,South Suffolk, ,599987,244692,0.916149,52.0645,595647405.077026,155459.775990933,e9a7f31c-2dd2-421d-ac4d-6fb3a8e2a195
433,E14001495,South West Devon, ,258144,60188,-3.9984,50.42435,393987221.01419,140526.852144566,27b03f78-39a1-4559-a433-7af3a822a214
434,E14001496,South West Hertfordshire, ,507313,197968,-0.44957,51.67025,96729804.9944763,70454.2647829293,cd102dc6-6d2a-4ebe-a260-345ad411f1fa
435,E14001497,South West Norfolk, ,573376,297872,0.555738,52.55109,1159268235.55328,243092.892761057,52239cea-053c-4ad3-870f-5d650b9f1133
436,E14001498,South West Wiltshire, ,391922,145100,-2.117,51.20504,452405703.697849,130037.936414706,5abf0b7a-df1f-4d5b-ac89-ecf096767589
437,E14001499,Southampton Itchen, ,445456,112145,-1.35486,50.90698,20691863.8403549,32761.8941256188,1cc0a03e-c71d-424b-8ba1-a7964344a0e3
438,E14001500,Southampton Test, ,440306,114131,-1.42789,50.92522,22115918.6910133,26662.0709179676,91830348-67e0-4b62-978c-3dc9aa3c5add
439,E14001501,Southend East and Rochford, ,586492,190334,0.690265,51.58101,135227629.083435,131422.746271557,cae23e64-e7be-4b39-9027-aa08e9458e92
440,E14001502,Southend West and Leigh, ,586133,187496,0.683588,51.55564,23351291.9022827,27397.0634693908,c0e81fa4-faf7-4531-93c7-79f3ebb0d49b
441,E14001503,Southgate and Wood Green, ,529433,196196,-0.13052,51.64967,24417346.7310638,36155.5374664541,a2be2ddc-f4bd-4d14-9697-083ea3c0ae7a
442,E14001504,Southport, ,339979,419859,-2.90998,53.67175,121433218.761284,84453.1328401281,48ef3572-c92c-440c-9d41-18bc56028f2a
443,E14001505,Spelthorne, ,507012,169622,-0.46254,51.41552,50639225.3549576,39117.7797667649,b888c63d-df10-476a-b0aa-112b60e4240a
444,E14001506,Spen Valley, ,419827,423734,-1.7011,53.70967,62036081.6953735,44286.5557368572,db002328-488e-44fd-8b30-85a7f18a269a
445,E14001507,St Albans, ,515636,206011,-0.3266,51.74088,59444589.1320953,48368.8434393778,20b95448-f643-4360-ab4c-ff9189779da5
446,E14001508,St Austell and Newquay, ,202249,54286,-4.78134,50.35517,295567652.502885,154594.0213081,abba5967-62f1-4cfe-b82f-e9457aa588a9
447,E14001509,St Helens North, ,351265,398699,-2.73586,53.48275,83537744.7633743,55664.6730100051,c6bf4d15-e917-4167-a48b-c75f43c91073
448,E14001510,St Helens South and Whiston, ,351809,392646,-2.72673,53.4284,54277557.9717712,40330.0659238107,46c90972-53b0-4f54-9763-b86949d41bc9
449,E14001511,St Ives, ,141325,26415,-5.61722,50.08141,577907723.036975,254171.375019589,93598aa3-f9f6-4200-8858-f65ba0a9a55e
450,E14001512,St Neots and Mid Cambridgeshire, ,535294,263628,-0.01934,52.25421,349587375.940063,114075.575170586,7134ca1b-ed7b-44c7-a557-0d5d940407d9
451,E14001513,Stafford, ,382011,326772,-2.26848,52.83817,416247711.375275,125472.998999749,8896011c-6d4b-425f-aa3f-955249f3e1c2
452,E14001514,Staffordshire Moorlands, ,400543,353993,-1.99334,53.08317,534183034.38192,122482.555373232,1377cc75-fa75-485d-af97-738f3f4d97e8
453,E14001515,Stalybridge and Hyde, ,398013,398062,-2.0314,53.47929,63327560.2998962,38939.194110677,83308173-e7ca-4525-a0fa-2985969bbcda
454,E14001516,Stevenage, ,524283,223239,-0.19526,51.89386,63468357.4668121,53289.1658226074,dc2f1cd7-1db4-44fc-bcef-e81cb064b63f
455,E14001517,Stockport, ,388749,391263,-2.17074,53.41806,25049932.7873383,24818.8969912092,890f163c-b718-4de5-8173-7d763bb9d25d
456,E14001518,Stockton North, ,446317,523647,-1.28449,54.60588,87206433.8068085,61709.4360825057,05bca3a6-b6d9-4364-836f-d35f573a3a46
457,E14001519,Stockton West, ,438097,517043,-1.41259,54.54722,193928639.130692,118521.891463728,698b006b-0954-4fb3-b0c6-30bb5480c164
458,E14001520,Stoke-on-Trent Central, ,389002,346433,-2.16538,53.0151,36721677.8480072,29090.1238068987,ed1656cd-3be7-4de8-bd50-48985b40686f
459,E14001521,Stoke-on-Trent North, ,385248,353010,-2.22164,53.07413,47575847.1356506,37703.616564141,168b7440-ad81-4048-abaa-f4e9dfe75aa5
460,E14001522,Stoke-on-Trent South, ,394021,338339,-2.09041,52.94242,158552074.42276,79299.3956311539,334c97c5-fb88-4544-94e3-a2b2cf9bdcd4
461,E14001523,"Stone, Great Wyrley and Penkridge", ,391368,312125,-2.12918,52.70673,415162603.574142,148590.583234353,3af70c0c-364f-433c-9596-9586d03ce77c
462,E14001524,Stourbridge, ,391916,284844,-2.1204,52.46149,29154947.1822968,31205.1543642173,0a95e7c8-13d5-4a13-9843-15a7d1359ea0
463,E14001525,Stratford and Bow, ,537732,184240,-0.01533,51.54026,11145263.7037506,19695.791968649,1ea83b8d-4e33-4b31-bc32-9ee2aec83de6
464,E14001526,Stratford-on-Avon, ,415754,251537,-1.7711,52.16189,628272690.424538,183061.416805483,db316a47-958f-405c-ba7f-623805557b45
465,E14001527,Streatham and Croydon North, ,531264,170801,-0.11353,51.42103,13826214.8329315,20778.3688833818,cf79543f-4e66-4a6b-b6ea-16d26bccaf91
466,E14001528,Stretford and Urmston, ,376790,394312,-2.3509,53.44507,46697247.5923004,36067.4896614796,dd02cf6b-0a68-4832-9c27-2e138309146a
467,E14001529,Stroud, ,376126,202190,-2.34698,51.71792,267990546.714546,107632.252404999,08fd6005-737d-42fb-9730-a5582afa24a1
468,E14001530,Suffolk Coastal, ,634302,246490,1.417097,52.0672,671722815.832245,318882.197383117,9ca75fad-fb3b-45bf-ad48-b7e2a25d6710
469,E14001531,Sunderland Central, ,438924,556539,-1.39454,54.90207,29951942.952301,36264.9419225515,bd389fbc-3378-481e-b6b7-ef98fb6b741f
470,E14001532,Surrey Heath, ,493294,158076,-0.66277,51.31415,131229243.874306,62016.6238195753,4a159c06-8df5-480c-8b82-a85894ccd4b4
471,E14001533,Sussex Weald, ,554740,124695,0.20397,51.00083,481518348.160793,145901.499709943,6d11b9e0-0dec-41ff-b533-333cce903bca
472,E14001534,Sutton and Cheam, ,524743,164094,-0.20962,51.36222,18379242.2305222,22874.8835322539,ccab5a88-7d28-4454-9feb-5a1af29c0ede
473,E14001535,Sutton Coldfield, ,412968,296625,-1.8101,52.56731,57601626.1890411,38570.670722877,f657bf54-e031-494f-acbb-896d4515d2cd
474,E14001536,Swindon North, ,417322,190626,-1.75121,51.6142,102264434.510231,51185.8803549391,583d5d84-4952-4d6f-81a3-85bfe7bef433
475,E14001537,Swindon South, ,414952,183959,-1.78572,51.55432,33236498.9634857,33488.2391379789,a4eea814-80f3-4b70-9b9c-4716c02ac371
476,E14001538,Tamworth, ,417897,306775,-1.73683,52.65842,192019394.513557,75648.1782825507,3a65dccd-c1fa-46c9-bd00-adda699e96b3
477,E14001539,Tatton, ,372512,376433,-2.41375,53.28416,361447945.407402,130227.519031028,776711e1-9da2-4871-9d52-51219afb0364
478,E14001540,Taunton and Wellington, ,321258,120929,-3.1231,50.98235,288011304.100735,114949.200384523,ca2ad539-842e-4c20-bba2-116232836fc4
479,E14001541,Telford, ,369252,307888,-2.45611,52.66784,51523224.2730331,35623.4718554344,a8bb98e4-66a1-458e-8769-41f791f152c9
480,E14001542,Tewkesbury, ,395143,228504,-2.07207,51.95501,321947537.352333,143579.632630284,d0c35e42-1437-40c3-ac3f-f5fd711debf2
481,E14001543,The Wrekin, ,366652,317650,-2.49555,52.75543,506903448.002144,160178.851841202,a357e328-6e6a-4d43-a246-4fd957a7e20f
482,E14001544,Thirsk and Malton, ,468054,478315,-0.9584,54.1961,1984656583.98178,386994.189825246,8908e3c9-1da4-4644-a137-72a272dd7d4e
483,E14001545,Thornbury and Yate, ,371713,183532,-2.40934,51.54996,418390456.451382,125286.682596476,42f1037e-f5c2-4aa1-aa1a-8d52d159f9ed
484,E14001546,Thurrock, ,559194,180028,0.291985,51.49678,63783205.0058746,46707.0903545284,baccd7e2-4218-4fa9-b019-45be7eadb44a
485,E14001547,Tipton and Wednesbury, ,397068,293727,-2.04465,52.5414,27520480.8993149,29199.0948182725,b02adfa2-1c15-4e2f-ad78-775730a03a19
486,E14001548,Tiverton and Minehead, ,299060,127703,-3.44112,51.03978,1278911683.93565,239220.188851646,9173e185-4627-4aea-877e-43de492eb34b
487,E14001549,Tonbridge, ,563990,154079,0.349045,51.26228,303450480.572601,133243.486163401,31f99a1c-6dfe-4ae5-ba25-88abab3b3f07
488,E14001550,Tooting, ,527687,172670,-0.16428,51.43864,11086537.966011,16273.5845464619,fec5d19b-9404-41db-bd17-9ccf90a04ba2
489,E14001551,Torbay, ,290880,63942,-3.53884,50.4651,36518618.3269014,39288.431033325,bd688507-d0b5-47a9-8aed-aea64900f76b
490,E14001552,Torridge and Tavistock, ,244317,100533,-4.20983,50.7834,1632175166.7668,372669.028777514,18cebc09-64dc-4e37-a001-14b0f65d0df4
491,E14001553,Tottenham, ,533605,189904,-0.07266,51.59215,12016332.7890625,18234.5979462023,543b9443-1a24-46b8-bd6b-2701df22cc16
492,E14001554,Truro and Falmouth, ,179474,45337,-5.09582,50.26672,432333526.473838,249299.135556226,1f974dfa-216d-400f-960e-571105616a8e
493,E14001555,Tunbridge Wells, ,566712,140727,0.381826,51.14153,248013790.558823,114433.344658424,2848c864-8d59-4a27-abba-d01e69a1aaaa
494,E14001556,Twickenham, ,514744,171266,-0.35086,51.42879,26939225.032547,31613.3025968894,4b026d8c-42dd-41f0-bfe8-9fa999c08b04
495,E14001557,Tynemouth, ,434812,570698,-1.45695,55.0296,33319812.504425,31004.9347312058,8017ecf8-bd41-40e8-a1b3-873bccd5db95
496,E14001558,Uxbridge and South Ruislip, ,508655,184779,-0.43426,51.55144,40276557.4539185,36529.9804798563,baeecf58-8597-4f62-8902-1b680045307e
497,E14001559,Vauxhall and Camberwell Green, ,531362,177677,-0.10958,51.4828,7181928.44078827,13519.7255832618,db0f2e6b-ae2c-4840-b469-455e8dd72a31
498,E14001560,Wakefield and Rothwell, ,433973,422632,-1.48691,53.69904,60828198.3651276,47312.066537833,8c3e5249-ffe8-48f1-96f3-d0d594263b82
499,E14001561,Wallasey, ,326323,391096,-3.10986,53.41152,25476703.6844864,27313.9963139758,6a105402-7e6b-4a48-97ef-0787e073993a
500,E14001562,Walsall and Bloxwich, ,400850,300117,-1.98887,52.59886,31918765.2913208,28445.1429027532,675e6acf-4e72-4051-a74d-0b27ca76a04d
501,E14001563,Walthamstow, ,537215,189198,-0.02085,51.58494,16085654.3775177,18356.0645530872,b4c6a0d5-638b-4f87-bf85-d23a2e783b2c
502,E14001564,Warrington North, ,362731,392971,-2.5624,53.43221,91545989.1020813,55407.3206574838,7ad22782-45fe-422b-9e0e-8605679aa5a4
503,E14001565,Warrington South, ,362319,384778,-2.56762,53.35854,72407776.5198441,59801.0003398806,6eb6d46c-56e4-4980-a94a-e32184024879
504,E14001566,Warwick and Leamington, ,432411,265118,-1.5263,52.28326,89682243.4883194,58929.6609366694,3682dfd0-b19d-492d-9810-de0bca2320d7
505,E14001567,Washington and Gateshead South, ,427841,556783,-1.56734,54.905,69419057.457016,52898.8187386271,cd75e0df-c6f1-4fe0-bed8-7e52b48720c0
506,E14001568,Watford, ,510663,198280,-0.40105,51.6724,24210753.7685089,24016.341582156,dcfca06e-21ca-4425-8372-ca13077cfb1f
507,E14001569,Waveney Valley, ,615789,277572,1.167248,52.35373,988768707.682571,229001.868423112,81565027-f939-4dcc-9b57-89feda0e12a8
508,E14001570,Weald of Kent, ,588072,137913,0.685368,51.10964,762258373.78054,206595.970034749,8ba823d4-b875-4e7a-9917-286791750502
509,E14001571,Wellingborough and Rushden, ,492740,268635,-0.64115,52.30802,91769946.2978973,53404.7426002433,c5af93bd-1e21-4cdc-94eb-1c3e4537f63b
510,E14001572,Wells and Mendip Hills, ,347132,151708,-2.75907,51.26206,671547456.061317,171942.679096361,62875cf2-70c7-42b0-9608-207a52ceb04e
511,E14001573,Welwyn Hatfield, ,523758,210274,-0.20751,51.77746,108159950.278061,64600.4505038397,d0fd79a7-6392-49cb-989f-0815e5cc55d9
512,E14001574,West Bromwich, ,400511,291314,-1.99389,52.51972,34982172.4577255,42114.3249931257,853ff3df-0dcf-41ce-8eec-717eb7508bdb
513,E14001575,West Dorset, ,357891,100400,-2.59891,50.80161,1006461719.06927,251607.147016826,d9b99d6d-85ba-424f-accf-62cbcbf11929
514,E14001576,West Ham and Beckton, ,543564,182068,0.067814,51.51929,19008587.7672195,23232.0635882267,1cdf0f6b-25a2-471d-bcbc-90ed5dab78da
515,E14001577,West Lancashire, ,342047,408082,-2.87649,53.56614,262634990.675102,90577.1637108381,042a5ce3-d20d-4873-8b32-9d9bf695e061
516,E14001578,West Suffolk, ,574793,265203,0.559576,52.25724,761878602.43335,214094.594249623,10ee5f10-c2c2-43b1-9ca5-580156b5ffe1
517,E14001579,West Worcestershire, ,380454,250015,-2.28706,52.14808,706608599.457176,263070.562090045,5c3ad7f0-a9fc-41d7-a746-14387f54a490
518,E14001580,Westmorland and Lonsdale, ,353851,505255,-2.71306,54.4406,2412021102.35513,341632.491922486,782c5897-528e-40a2-b14c-9353354f7a8f
519,E14001581,Weston-super-Mare, ,334885,161373,-2.93634,51.34768,61291506.9628448,46993.5711101533,d8e2f2f0-6c84-497e-91e7-f5aa7723d196
520,E14001582,Wetherby and Easingwold, ,446740,454025,-1.2888,53.98019,942384695.916031,235795.290038942,e2c7ec6a-83ab-423d-8779-d15fd539c724
521,E14001583,Whitehaven and Workington, ,308266,510109,-3.41724,54.47802,534701410.852905,128089.783864888,4ea20245-8098-4acc-8661-e29c48925b7b
522,E14001584,Widnes and Halewood, ,348553,386177,-2.77467,53.36995,63829233.0212784,44973.4851954615,09f42141-4795-40eb-931e-f767814bdd0b
523,E14001585,Wigan, ,357774,408209,-2.63906,53.56879,60345929.3040314,35994.8859802638,799cdd77-ea44-406c-b4ae-e1cf1f189fd5
524,E14001586,Wimbledon, ,524184,169397,-0.2158,51.41,23255568.8119659,27157.274478047,8f9500d6-63f1-458c-abc4-29088017cf8f
525,E14001587,Winchester, ,453018,129648,-1.24477,51.06372,572598650.653351,140429.488824263,0b516801-c6b3-4328-84bd-e7c41ef06e2d
526,E14001588,Windsor, ,497834,172353,-0.59372,51.44173,110637145.087143,72068.9106597196,2f9588bf-04af-40a7-ab1b-907a7aba3d67
527,E14001589,Wirral West, ,327390,383580,-3.09208,53.34412,84684216.4096222,50575.956465809,ec32cc56-7b05-4d16-b718-3eb3c4a9f98a
528,E14001590,Witham, ,587425,219383,0.719323,51.84159,422717107.976791,168204.051187505,3b392e2c-b03b-424f-b286-f3999cf2bbfd
529,E14001591,Witney, ,434290,201412,-1.5051,51.7104,557725774.090958,169237.592279998,ff8b3dc1-d62e-4063-b071-3cc4fe75d653
530,E14001592,Woking, ,499088,157544,-0.57981,51.30839,63406746.5352478,44370.2974764869,4258768a-a15f-482a-ad18-1edfff9a3ee1
531,E14001593,Wokingham, ,477342,167203,-0.88961,51.39859,138477347.055336,78286.7289822627,9d76b4a0-d446-46b3-a497-c6b8d832ee10
532,E14001594,Wolverhampton North East, ,394815,301509,-2.078,52.61134,26384594.5736008,27376.1294471151,56c12bec-cc3b-4493-8ada-52e09bc84392
533,E14001595,Wolverhampton South East, ,395594,297005,-2.06643,52.57086,30771858.1691971,26637.2889675878,d8f34ca5-88d6-4a21-8f47-c70689574171
534,E14001596,Wolverhampton West, ,389258,298982,-2.15998,52.58854,30619094.8427505,30186.3330730396,600a8a1e-5124-4b8d-857c-10dddd8ef576
535,E14001597,Worcester, ,385744,255190,-2.20997,52.19477,33545069.1841049,27151.0615923093,d0426b91-9ddf-44ca-9618-f15656dfe3c0
536,E14001598,Worsley and Eccles, ,371642,397143,-2.42866,53.47026,71352205.5862274,43858.778242551,4ca88570-5074-4b72-8edf-34f106c2e214
537,E14001599,Worthing West, ,510142,106053,-0.43695,50.84352,75016274.3555984,50375.6866726766,c30fe343-064f-47ed-8f7a-7ca19d5ab2f6
538,E14001600,Wycombe, ,479281,190191,-0.85659,51.60498,140522486.642868,75182.3267780823,a4ad15df-67d4-4ff9-9553-98dc47b26fcb
539,E14001601,Wyre Forest, ,384106,276388,-2.23494,52.3853,195898303.376404,88471.641884762,a5fa6687-791e-4492-bbdf-423d7f847755
540,E14001602,Wythenshawe and Sale East, ,380730,389917,-2.29132,53.40573,36537023.9060211,36104.4247202152,ba70ac40-561a-4333-b6f8-8b385df7e435
541,E14001603,Yeovil, ,341353,111432,-2.83534,50.89936,335739159.223761,117312.46401365,83304b3a-0788-4c4f-9707-6eb805ac8847
542,E14001604,York Central, ,460319,451276,-1.08231,53.95408,25296453.459198,33278.547302645,3896b1ca-9c42-4772-a053-2f0a1d0b545b
543,E14001605,York Outer, ,461061,457913,-1.06968,54.01364,246827303.80661,124656.200995717,d894801f-5693-452e-8467-c345750de7ad
544,N05000001,Belfast East, ,151724,529081,-5.84357,54.59517,55188731.9174576,40103.8471154424,440de62f-ccde-4a36-9ac7-7b9b8a2e5465
545,N05000002,Belfast North, ,145171,534883,-5.94979,54.64393,54684556.2420578,36466.7837130602,6c367757-38fd-428c-b172-7d8e44b2202d
546,N05000003,Belfast South and Mid Down, ,147011,521432,-5.90977,54.52425,118574411.321281,62687.9256381432,21c88402-1613-4073-b833-159178546d01
547,N05000004,Belfast West, ,141609,528232,-5.999,54.58249,39134320.1915283,32026.3475410769,845f4fcf-bc9c-454d-b052-93df81fb5c10
548,N05000005,East Antrim, ,143140,565729,-6.00849,54.91943,846699210.872139,189356.519230793,33696c73-cd4c-42a1-8ddb-4f30974bb173
549,N05000006,East Londonderry, ,87251,579631,-6.8926,55.01207,1291119217.05508,210741.005693512,1c432278-dc87-48e9-b86e-d2feaad7ecf8
550,N05000007,Fermanagh and South Tyrone, ,40601,510274,-7.53348,54.36026,2566338822.88809,421274.110867691,3501ca2f-e0cd-440b-ab42-1b538d8ae110
551,N05000008,Foyle, ,61711,580956,-7.29189,55.00724,120808535.916735,66222.6195388234,8c6e6598-80c4-4952-8a13-13b074812b8f
552,N05000009,Lagan Valley, ,134819,515110,-6.09199,54.46135,542857951.115864,157976.986910173,170fafca-c127-400d-9fa9-7f4c0c41ee90
553,N05000010,Mid Ulster, ,96556,543818,-6.70999,54.69708,1310446026.78471,228935.324338531,aae10e17-3269-4787-b2f4-cf15a83b46a8
554,N05000011,Newry and Armagh, ,101073,490606,-6.58641,54.22311,919458185.137848,179202.681444255,9c59012e-734d-4c9b-ab70-69d24565bb48
555,N05000012,North Antrim, ,124768,589527,-6.31722,55.1229,1138597602.87217,226112.964153861,37e890fa-2fa0-4e9d-8707-912aa7c6f627
556,N05000013,North Down, ,161795,532869,-5.6911,54.63399,119029038.114441,76062.3733176483,eed91aa8-ed9c-4e66-a57b-3a8ac5541632
557,N05000014,South Antrim, ,130247,538471,-6.18376,54.66833,795169829.321289,164861.126166418,44f78fc9-4499-41ad-883c-422216a27924
558,N05000015,South Down, ,140371,487604,-5.9826,54.21761,1122221859.13551,231226.821426153,5e9367b0-915b-4a74-b189-5bc3e9922de0
559,N05000016,Strangford, ,161562,512229,-5.678,54.44877,787144895.508263,165609.010029265,90d3bca2-2f21-4bf5-9136-2ff6be8d3ace
560,N05000017,Upper Bann, ,112441,513947,-6.43507,54.43876,381774838.953548,121757.217385782,b6e69e56-7e87-4172-a3b9-34164739edb2
561,N05000018,West Tyrone, ,48552,546485,-7.45482,54.68977,2117513990.45144,316289.639928305,dd90e728-bcad-4a6b-91c3-3dc98331a496
562,S14000021,East Renfrewshire, ,251930,653115,-4.36058,55.74868,173487673.026779,82475.9332777056,a78ccdb2-3747-4b27-a6af-eac2662dc685
563,S14000027,Na h-Eileanan an Iar, ,126473,932862,-6.65722,58.19938,3055564206.10043,2084108.27758242,d6d567f1-d363-4f34-8d18-5ad8664f5efc
564,S14000045,Midlothian, ,330088,659217,-3.11738,55.82111,354550673.802338,116831.178626884,c9acb5c0-e1da-4068-a57e-fe8a57105346
565,S14000048,North Ayrshire and Arran, ,195921,636366,-5.23906,55.57807,815000866.756966,245887.452118711,92b21ec6-a6c7-4ea0-9d26-e38c250f2698
566,S14000051,Orkney and Shetland, ,434516,1180307,-1.37344,60.50495,2451908301.15497,2279354.50905029,d4d0266a-fb9c-48fa-a4c4-977e30933046
567,S14000060,Aberdeen North, ,389227,811060,-2.17988,57.1902,99826241.2439575,51736.1001942383,9ee740eb-b316-4fe5-957d-51aa997e31b9
568,S14000061,Aberdeen South, ,385630,803154,-2.23894,57.11908,86168295.2239075,71707.1067017943,6b4be436-5617-4782-aa02-b71979eda3a2
569,S14000062,Aberdeenshire North and Moray East, ,354840,850582,-2.75606,57.54307,1332727239.69843,283150.044536754,58717aee-d724-47e9-a67f-90ba5f4552aa
570,S14000063,Airdrie and Shotts, ,283330,662650,-3.86475,55.8429,238247420.731415,82079.7075863926,b72a5c98-82d9-4d8f-9bec-ce0411c274e1
571,S14000064,Alloa and Grangemouth, ,289365,697173,-3.78265,56.15435,168058250.49054,128799.170760895,6a01ae68-a761-4f03-9d86-d097c5907e2b
572,S14000065,Angus and Perthshire Glens, ,302665,757277,-3.59103,56.69702,5520632671.5528,521708.397937797,6f32a37d-06f0-4503-a532-fa61e93418a5
573,S14000066,Arbroath and Broughty Ferry, ,356476,742817,-2.71001,56.57525,413489023.646301,109978.175606837,01da7afd-42a3-402a-89b0-33ab5dfb38ee
574,S14000067,"Argyll, Bute and South Lochaber", ,200740,715443,-5.22114,56.28944,9079842132.01804,2985498.45645607,d4dc780c-78f7-4207-a6b7-583a91e897cc
575,S14000068,Bathgate and Linlithgow, ,298385,670856,-3.62753,55.92001,212192708.290771,105518.947455311,93288490-6f61-4b8c-aec0-12334be3c808
576,S14000069,"Caithness, Sutherland and Easter Ross", ,247840,905010,-4.57679,58.00812,11623943225.175,1459271.70380312,349c390b-85ad-4562-bea6-783db46fd8a2
577,S14000070,Coatbridge and Bellshill, ,271691,665826,-4.052,55.86846,68946468.4983521,54593.8560947047,d28a5659-4bbf-492a-9562-82547eed24bb
578,S14000071,Cowdenbeath and Kirkcaldy, ,320590,688187,-3.27747,56.07986,147994668.443069,82824.3142972168,489460a5-497d-4e9e-8097-db6c07b1ea06
579,S14000072,Cumbernauld and Kirkintilloch, ,274119,675772,-4.01786,55.95841,142095343.908447,86221.1442393819,10cf093b-9d54-4ac1-a0f5-c214dd1b0317
580,S14000073,Dumfries and Galloway, ,252740,567859,-4.30279,54.9835,3920636648.79633,621523.783116948,863b05a8-e182-43c3-816d-be9fa1b27087
581,S14000074,"Dumfriesshire, Clydesdale and Tweeddale", ,305399,610683,-3.4946,55.38097,4417287590.85117,445991.302517514,00d407c3-5681-4a65-b243-539369ec6d7d
582,S14000075,Dundee Central, ,337936,732098,-3.00916,56.47688,40119295.355957,32128.1536266991,053d20ac-6760-427f-b1b7-94334a3eebad
583,S14000076,Dunfermline and Dollar, ,302505,691896,-3.56928,56.10983,268239390.254517,109859.793665298,8805c5d1-72d9-4417-b0b9-09730a126936
584,S14000077,East Kilbride and Strathaven, ,267265,642476,-4.1113,55.65761,304328193.15741,104423.446596393,309e2f5b-19b0-4f63-a4ea-69f696d59c66
585,S14000078,Edinburgh East and Musselburgh, ,331065,672603,-3.1052,55.9415,31979291.3054962,37766.1187934049,844cad56-22fb-4962-b39b-00a05db97548
586,S14000079,Edinburgh North and Leith, ,324350,675786,-3.21357,55.96908,18802615.4409027,26117.6942037771,c7ad7b7f-b5bc-455b-9824-1bdcc46fa4cd
587,S14000080,Edinburgh South, ,326917,669699,-3.1708,55.9148,31037282.5984955,28985.6575804577,ced31a56-11a8-4c9f-aaa9-155b2cc12493
588,S14000081,Edinburgh South West, ,318314,666474,-3.30742,55.88445,90914011.5312653,55294.3227082697,9792d9dd-3ec9-41e1-982e-e9bb38aa788e
589,S14000082,Edinburgh West, ,316926,673574,-3.33179,55.94798,99802640.1667175,57476.463761021,6d88cf5b-08bc-4fd3-8aa3-78afa94140f8
590,S14000083,Falkirk, ,288392,677180,-3.78996,55.97458,201598318.590286,86816.4667985373,4118e22a-5d79-4e7e-89c5-58870928ef0b
591,S14000084,Glasgow East, ,265815,663227,-4.14454,55.84353,28469579.8699036,36193.9571584846,adc386a4-72b5-4f7c-9f73-f479a9127eac
592,S14000085,Glasgow North, ,257708,668952,-4.2769,55.8926,28022312.6531677,27323.8852832613,ae6a3699-16a2-415d-9f39-1ef1ead0f7a4
593,S14000086,Glasgow North East, ,264978,667215,-4.15988,55.8791,39926272.9508057,32261.1395862066,7ae41183-2296-4b57-96f0-6af2633e2835
594,S14000087,Glasgow South, ,259278,659856,-4.2471,55.8114,26558220.4938812,33694.7437035107,0333c6f5-898f-4a57-b4b4-6eadca3c3535
595,S14000088,Glasgow South West, ,254828,664559,-4.32056,55.8523,30119328.7048187,34591.9877982452,4be58285-004e-449c-a632-762dd2bcb9dd
596,S14000089,Glasgow West, ,253644,668507,-4.34159,55.88738,19607446.8996124,23324.4429748936,9f262b91-7f10-400f-bec0-21e785d70d02
597,S14000090,Glenrothes and Mid Fife, ,328368,698666,-3.15535,56.17522,173204109.589752,89475.1627830902,41d4fffc-ccb4-45e1-961f-3795e100c762
598,S14000091,Gordon and Buchan, ,373602,833557,-2.44081,57.39164,2073487731.25458,295626.980664256,424e7802-4693-47c2-977c-5a9090df8b90
599,S14000092,Hamilton and Clyde Valley, ,279136,643900,-3.92337,55.6735,257968201.037994,114164.412762218,3c5f6840-a4f6-4caf-8349-c48f06cb75a3
600,S14000093,Inverclyde and Renfrewshire West, ,227889,670663,-4.75425,55.89822,195886995.931915,76976.6530546524,3aa3c7e0-7c78-4372-8751-8dab8adf7570
601,S14000094,"Inverness, Skye and West Ross-shire", ,236932,826712,-4.70826,57.30176,9570415132.1126,1901464.754293,6fdd7235-1d13-40a8-a731-acf3f0b18a84
602,S14000095,Livingston, ,306817,664330,-3.49041,55.8631,244263350.603378,96802.8599965451,008535f5-2fe3-4cb4-9004-1e5f4240fc62
603,S14000096,Lothian East, ,356100,672351,-2.7044,55.94218,671197342.547058,157835.185038828,dbfc382e-a4bc-4118-b6eb-1425011986b3
604,S14000097,Mid Dunbartonshire, ,259241,677078,-4.25665,55.966,153878843.834747,82601.0705238802,b7ea0069-4fb5-4ac8-a551-f7528fa26261
605,S14000098,"Moray West, Nairn and Strathspey", ,291537,822903,-3.80089,57.28381,4719685590.01312,537485.398768587,ef30177f-1e76-408e-af04-bab604edf9ce
606,S14000099,"Motherwell, Wishaw and Carluke", ,289811,652786,-3.75731,55.75584,213583651.293335,96500.3499355882,ebe953e8-5a8b-427c-9acd-f42db5e238db
607,S14000100,North East Fife, ,338928,714311,-2.98891,56.31723,794881154.478516,169652.885402073,da562dfe-5ba0-401b-8cd6-8f49a0278328
608,S14000101,Paisley and Renfrewshire North, ,245864,668396,-4.46579,55.88396,81719447.9546204,62332.2400346567,e0523f82-df13-47d4-9f28-d05ce09e9817
609,S14000102,Paisley and Renfrewshire South, ,239912,661211,-4.5566,55.81753,149906501.975769,83096.5170920329,bd7308df-a806-460e-88b6-42cf932dce0d
610,S14000103,Perth and Kinross-shire, ,278883,715707,-3.95977,56.31822,1416620572.86739,315860.172743193,2992bf2c-d3fa-4fa4-b16e-c81dc4e6f10a
611,S14000104,Rutherglen, ,266436,659876,-4.13298,55.81361,41670181.5467834,41993.6895878187,0ea7b094-c7cb-402d-b048-ef8422d27285
612,S14000105,Stirling and Strathallan, ,266602,709079,-4.15482,56.25541,2493758368.9202,357103.409358769,f3edf7f3-09b6-4549-b19b-3196921e9845
613,S14000106,West Dunbartonshire, ,243096,681433,-4.51758,56.00009,177279829.190781,81210.9995516571,69272bc2-c3b7-4d5d-8d30-acba7bc69e07
614,S14000107,"Ayr, Carrick and Cumnock", ,238951,603944,-4.53853,55.30317,1628700490.35543,271172.780310399,6d694074-8e10-4da5-8929-9de9577cb662
615,S14000108,"Berwickshire, Roxburgh and Selkirk", ,356138,624491,-2.6961,55.5122,3840937543.04326,415927.856537333,76d1ad88-6382-4b45-9237-0cbc567da4bc
616,S14000109,Central Ayrshire, ,238950,628173,-4.55254,55.52066,232260087.135696,116954.829944215,e4ff0151-a4c5-4dad-8690-701870d87ff4
617,S14000110,Kilmarnock and Loudoun, ,255398,633167,-4.29487,55.57064,702491725.364319,190470.67698199,40acab34-c48e-4ce4-a5e5-f800fbbc065a
618,S14000111,West Aberdeenshire and Kincardine, ,342584,792624,-2.9473,57.02113,3268726366.18619,426813.145738087,44a9d745-9921-4b20-8b5c-1413adb9aabd
619,W07000081,Aberafan Maesteg,Aberafan Maesteg,281995,189550,-3.70491,51.5924,241606313.085411,93609.0787602876,2dd082c1-dc25-4456-8955-a5579eba9a87
620,W07000082,Alyn and Deeside,Alun a Glannau Dyfrdwy,332347,365301,-3.01375,53.1805,183897167.456764,119490.948419161,b4fcd10d-cb72-4f46-9477-4e43a14cc7db
621,W07000083,Bangor Aberconwy,Bangor Aberconwy,285758,362572,-3.70962,53.14801,1400042871.84617,237894.830763519,ebe45753-d810-4aed-baac-e0edc48ab3e2
622,W07000084,Blaenau Gwent and Rhymney,Blaenau Gwent a Rhymni,312653,206245,-3.26665,51.74807,167637614.208389,76810.4546717612,b92cdab1-29ea-4602-809b-a8ca74f309dc
623,W07000085,"Brecon, Radnor and Cwm Tawe","Aberhonddu, Maesyfed a Chwm-tawe",300889,246522,-3.44861,52.10812,3098262853.47544,356790.466606835,0bbe359c-7121-43c9-b3bf-c0b6ce313574
624,W07000086,Bridgend,Pen-y-bont,291030,181514,-3.57204,51.52199,120663772.064884,61539.4322267248,9eb011e2-a827-494f-b5cc-f5d3e4ba4861
625,W07000087,Caerfyrddin,Caerfyrddin,250837,228760,-4.17124,51.9373,2019508297.38681,307527.848760265,98106740-d1d7-4354-9a51-ceefd9be4c15
626,W07000088,Caerphilly,Caerffili,315843,191594,-3.21691,51.61685,140912865.460564,61156.7101969674,32bbdc6f-e3ca-4943-a575-f79df5927ad9
627,W07000089,Cardiff East,Dwyrain Caerdydd,322018,179718,-3.1251,51.51098,29333561.8091545,28553.207241533,bb75a8cf-9f55-4f0c-a6a7-4b2e1106cabf
628,W07000090,Cardiff North,Gogledd Caerdydd,318603,182294,-3.1749,51.53366,49764815.4502831,42480.3016942613,05df9bdf-c704-4bc4-a9aa-f3df6f26eb11
629,W07000091,Cardiff South and Penarth,De Caerdydd a Phenarth,317325,171684,-3.19083,51.43809,54525861.7642937,49323.0137026613,53a402b3-6315-4d9a-9ec5-a394157fa0c9
630,W07000092,Cardiff West,Gorllewin Caerdydd,311064,179555,-3.28287,51.5079,62335978.9279938,48840.1705385622,ce00916d-ace2-4fa1-a24a-35f3a68d0e54
631,W07000093,Ceredigion Preseli,Ceredigion Preseli,258114,257775,-4.07753,52.1999,2448568961.5656,451503.661185176,79caaed3-7f64-463e-9d49-ee10425b98d1
632,W07000094,Clwyd East,Dwyrain Clwyd,316706,362272,-3.24694,53.15106,644776243.655334,179389.106636809,c028cb0b-6b80-41d1-8718-71651f2455b0
633,W07000095,Clwyd North,Gogledd Clwyd,301609,373008,-3.47592,53.24495,161407789.459869,98467.6585670464,e68c4547-ddeb-4308-a796-072964e24baf
634,W07000096,Dwyfor Meirionnydd,Dwyfor Meirionnydd,281716,332046,-3.75884,52.87285,2572688448.11586,471686.704827751,73c464b4-cbb1-437b-ae2c-152a1c8e3c85
635,W07000097,Gower,Gŵyr,255131,191631,-4.09333,51.60483,308667640.26223,156500.526223691,7296f5ac-b6f5-4b3b-a9f6-961fcdb679c1
636,W07000098,Llanelli,Llanelli,248545,207672,-4.19532,51.74722,351059063.222935,145229.205493942,5788908e-9168-4377-a161-0ebcc95fae60
637,W07000099,Merthyr Tydfil and Aberdare,Merthyr Tudful ac Aberdâre,300180,205457,-3.44704,51.7389,245112642.924152,84837.2785773696,298cf813-bbce-47bf-aba4-6446e6bc9047
638,W07000100,Mid and South Pembrokeshire,Canol a De Sir Benfro,209904,212239,-4.75693,51.77646,957811475.057297,393211.418380019,03a5aac6-5910-4808-8259-bc9ec3f2ee2f
639,W07000101,Monmouthshire,Sir Fynwy,337812,209231,-2.9028,51.77827,850294974.422577,196297.734451889,a89bdadd-c248-41a7-a937-a0ef6e5ab1b4
640,W07000102,Montgomeryshire and Glyndwr,Maldwyn a Glyndŵr,302272,304966,-3.44547,52.63363,2387918759.52803,358260.561344701,f9899846-dd0a-46cc-ae7d-46cb44cd301b
641,W07000103,Neath and Swansea East,Castell-nedd a Dwyrain Abertawe,277554,201321,-3.77311,51.69724,216805373.577999,89267.9841983643,6b3372df-c178-4db0-9ed5-e94db1453ccd
642,W07000104,Newport East,Dwyrain Casnewydd,337897,187432,-2.89769,51.58231,123980647.088299,85992.7277086249,b1c88548-b94e-467c-a458-cd26f9b1d2be
643,W07000105,Newport West and Islwyn,Gorllewin Casnewydd ac Islwyn,323528,194099,-3.10648,51.64047,145209073.02771,92309.1503031261,c93aa84a-c4f8-46b3-860f-8a96bf17d670
644,W07000106,Pontypridd,Pontypridd,304326,197341,-3.38478,51.66667,141442541.514713,84615.4137539768,5bd6ab59-33c5-4e75-948a-47772f5ceddf
645,W07000107,Rhondda and Ogmore,Rhondda ac Ogwr,296040,193848,-3.50351,51.6338,200025298.623249,66545.5070424096,51078848-3a73-4f41-8e60-c6bad2c729e3
646,W07000108,Swansea West,Gorllewin Abertawe,264670,195124,-3.95702,51.63859,31195284.9490128,35682.5838096921,0e0559f3-fb06-4a73-9485-b1d4ebaf08ad
647,W07000109,Torfaen,Torfaen,327459,200480,-3.05101,51.69836,126332639.016758,72816.9121658746,a4989284-5216-461e-9817-ea1f6e6f8296
648,W07000110,Vale of Glamorgan,Bro Morgannwg,301298,173080,-3.42173,51.44807,296599900.563789,86684.9782894302,7abaa6f7-4164-454f-bf4f-17c58d52fe31
649,W07000111,Wrexham,Wrecsam,337298,348629,-2.93642,53.03126,292580644.69532,112804.973655438,b507f2f8-ee70-4e70-8652-304c72d57b43
650,W07000112,Ynys Môn,Ynys Môn,245217,378331,-4.32298,53.27931,713449001.594833,226969.638854224,7277ccee-e8b9-4d85-a1e1-7f1f0204c683
